VendorID,lpep_pickup_datetime,lpep_dropoff_datetime,store_and_fwd_flag,RatecodeID,PULocationID,DOLocationID,passenger_count,trip_distance,fare_amount,extra,mta_tax,tip_amount,tolls_amount,ehail_fee,improvement_surcharge,total_amount,payment_type,trip_type,congestion_surcharge,PUBorough,PUZone,PUservice_zone,DOBorough,DOZone,DOservice_zone
1,2023-01-26 16:25:10,2023-01-26 16:55:24,Y,6.0,1,263,4.0,3.366,11.52,1.25,0.0,0.35,12.24,,0.0,28.11,1.0,1.0,2.75,Unknown,Unknown,Unknown,Brooklyn,Greenpoint,Boro Zone
1,2023-01-14 03:34:34,2023-01-14 04:00:26,Y,1.0,181,1,3.0,1.977,8.82,1.25,0.0,0.0,9.5,,0.0,22.32,2.0,1.0,2.75,Brooklyn,Williamsburg (North Side),Boro Zone,Unknown,Unknown,Unknown
2,2023-01-10 02:40:01,2023-01-10 03:05:44,Y,99.0,7,239,2.0,3.581,9.7,4.0,0.5,0.81,12.24,,0.3,30.05,1.0,1.0,2.5,Queens,Steinway,Boro Zone,Manhattan,Central Park,Yellow Zone
1,2023-01-08 13:53:31,2023-01-08 14:10:45,N,1.0,263,239,5.0,4.838,11.84,5.5,0.5,0.0,0.0,,0.3,18.14,2.0,1.0,0.0,Brooklyn,Greenpoint,Boro Zone,Manhattan,Central Park,Yellow Zone
2,2023-01-28 23:09:42,2023-01-28 23:14:18,N,5.0,239,75,3.0,0.128,3.32,4.0,0.0,0.0,12.24,,0.0,22.31,1.0,2.0,2.75,Manhattan,Central Park,Yellow Zone,Manhattan,Bloomingdale,Boro Zone
1,2023-01-17 23:08:09,2023-01-17 23:11:28,N,3.0,132,142,9.0,4.215,12.1,3.75,0.5,0.0,5.76,,0.0,24.61,2.0,1.0,2.5,Queens,LaGuardia Airport,Airports,Queens,Steinway,Boro Zone
1,2023-01-03 23:15:08,2023-01-03 23:24:54,Y,5.0,41,75,3.0,0.218,2.5,1.0,0.5,0.0,0.0,,0.3,6.8,1.0,2.0,2.5,Manhattan,Lincoln Square West,Yellow Zone,Manhattan,Bloomingdale,Boro Zone
1,2023-01-21 12:36:55,2023-01-21 12:41:56,N,4.0,132,181,4.0,0.28,2.53,0.5,0.0,0.0,5.76,,0.3,9.09,2.0,2.0,0.0,Queens,LaGuardia Airport,Airports,Brooklyn,Williamsburg (North Side),Boro Zone
1,2023-01-15 03:00:05,2023-01-15 03:30:22,N,2.0,75,74,3.0,2.594,9.01,4.0,0.5,0.0,17.0,,0.3,33.56,2.0,2.0,2.75,Manhattan,Bloomingdale,Boro Zone,Manhattan,Morningside Heights,Boro Zone
2,2023-01-19 08:06:38,2023-01-19 08:15:51,Y,99.0,1,239,0.0,0.384,2.5,5.5,0.0,3.89,0.0,,0.0,14.64,1.0,2.0,2.75,Unknown,Unknown,Unknown,Manhattan,Central Park,Yellow Zone
2,2023-01-21 11:00:40,2023-01-21 11:43:08,N,5.0,132,7,9.0,4.128,11.63,3.0,0.5,3.08,0.0,,0.0,20.96,1.0,2.0,2.75,Queens,LaGuardia Airport,Airports,Queens,Steinway,Boro Zone
1,2023-01-07 18:49:06,2023-01-07 19:24:04,N,4.0,132,142,2.0,1.827,5.22,2.75,0.0,0.0,0.0,,0.3,11.02,1.0,1.0,2.75,Queens,LaGuardia Airport,Airports,Queens,Steinway,Boro Zone
1,2023-01-22 15:30:30,2023-01-22 15:56:06,Y,3.0,7,142,2.0,1.998,7.72,3.0,0.0,3.19,0.0,,0.3,16.71,1.0,1.0,2.5,Queens,Steinway,Boro Zone,Queens,Steinway,Boro Zone
1,2023-01-27 14:33:36,2023-01-27 15:10:12,Y,2.0,132,181,1.0,0.519,4.71,0.5,0.5,5.76,9.5,,0.0,23.72,1.0,1.0,2.75,Queens,LaGuardia Airport,Airports,Brooklyn,Williamsburg (North Side),Boro Zone
1,2023-01-27 19:22:01,2023-01-27 20:06:00,N,5.0,4,181,6.0,0.543,2.5,1.25,0.0,0.0,17.0,,0.3,23.55,2.0,2.0,2.5,Bronx,Allerton/Pelham Gardens,Boro Zone,Brooklyn,Williamsburg (North Side),Boro Zone
1,2023-01-11 02:52:51,2023-01-11 03:24:27,Y,2.0,239,138,1.0,4.076,9.85,2.0,0.0,0.0,0.0,,0.0,14.6,1.0,1.0,2.75,Manhattan,Central Park,Yellow Zone,Queens,JFK Airport,Airports
1,2023-01-15 01:04:35,2023-01-15 01:19:06,Y,1.0,132,181,0.0,5.121,13.98,5.5,0.5,3.47,5.76,,0.0,31.96,1.0,2.0,2.75,Queens,LaGuardia Airport,Airports,Brooklyn,Williamsburg (North Side),Boro Zone
1,2023-01-03 07:37:15,2023-01-03 07:58:44,Y,6.0,132,263,9.0,2.792,7.57,1.25,0.5,2.26,12.24,,0.3,24.12,1.0,1.0,0.0,Queens,LaGuardia Airport,Airports,Brooklyn,Greenpoint,Boro Zone
2,2023-01-30 00:07:55,2023-01-30 00:34:33,N,4.0,239,75,9.0,1.735,6.66,5.5,0.0,0.0,0.0,,0.0,12.16,2.0,2.0,0.0,Manhattan,Central Park,Yellow Zone,Manhattan,Bloomingdale,Boro Zone
1,2023-01-18 09:32:45,2023-01-18 09:47:25,Y,5.0,239,181,9.0,0.633,3.01,1.0,0.5,0.0,0.0,,0.0,7.01,2.0,1.0,2.5,Manhattan,Central Park,Yellow Zone,Brooklyn,Williamsburg (North Side),Boro Zone
1,2023-01-21 19:39:52,2023-01-21 20:18:24,Y,6.0,75,263,0.0,1.583,4.46,0.5,0.0,0.0,12.24,,0.0,19.7,2.0,2.0,2.5,Manhattan,Bloomingdale,Boro Zone,Brooklyn,Greenpoint,Boro Zone
1,2023-01-17 00:30:50,2023-01-17 01:04:21,Y,4.0,74,75,0.0,1.565,7.53,2.5,0.5,0.0,9.5,,0.3,22.83,2.0,2.0,2.5,Manhattan,Morningside Heights,Boro Zone,Manhattan,Bloomingdale,Boro Zone
2,2023-01-06 02:09:52,2023-01-06 02:23:30,Y,1.0,41,4,0.0,1.254,4.97,4.0,0.5,0.0,0.0,,0.0,9.47,2.0,1.0,0.0,Manhattan,Lincoln Square West,Yellow Zone,Bronx,Allerton/Pelham Gardens,Boro Zone
1,2023-01-09 22:05:46,2023-01-09 22:08:47,Y,1.0,1,239,1.0,1.405,5.18,3.75,0.0,0.49,17.0,,0.3,26.72,1.0,1.0,0.0,Unknown,Unknown,Unknown,Manhattan,Central Park,Yellow Zone
2,2023-01-19 01:48:49,2023-01-19 02:34:14,N,3.0,132,132,3.0,2.743,9.7,3.75,0.5,0.0,0.0,,0.0,16.45,2.0,1.0,2.5,Queens,LaGuardia Airport,Airports,Queens,LaGuardia Airport,Airports
2,2023-01-21 03:38:13,2023-01-21 04:03:17,N,3.0,74,7,1.0,3.553,11.71,0.0,0.5,3.84,0.0,,0.0,16.05,1.0,2.0,0.0,Manhattan,Morningside Heights,Boro Zone,Queens,Steinway,Boro Zone
1,2023-01-02 06:34:38,2023-01-02 06:52:10,Y,3.0,132,239,4.0,2.251,5.21,1.0,0.5,0.93,17.0,,0.3,27.69,1.0,2.0,2.75,Queens,LaGuardia Airport,Airports,Manhattan,Central Park,Yellow Zone
1,2023-01-26 13:48:19,2023-01-26 14:08:44,N,1.0,75,132,1.0,1.294,2.76,4.0,0.0,0.52,17.0,,0.3,27.08,1.0,2.0,2.5,Manhattan,Bloomingdale,Boro Zone,Queens,LaGuardia Airport,Airports
2,2023-01-24 12:49:10,2023-01-24 13:31:42,N,3.0,74,132,0.0,2.97,4.74,0.5,0.5,0.13,17.0,,0.3,23.17,1.0,2.0,0.0,Manhattan,Morningside Heights,Boro Zone,Queens,LaGuardia Airport,Airports
2,2023-01-10 13:23:36,2023-01-10 13:48:06,Y,6.0,4,41,9.0,0.606,3.18,3.0,0.5,1.31,5.76,,0.0,13.75,1.0,1.0,0.0,Bronx,Allerton/Pelham Gardens,Boro Zone,Manhattan,Lincoln Square West,Yellow Zone
2,2023-01-08 11:14:23,2023-01-08 11:42:10,Y,4.0,132,75,2.0,4.655,15.62,0.0,0.5,0.0,0.0,,0.3,16.42,2.0,1.0,0.0,Queens,LaGuardia Airport,Airports,Manhattan,Bloomingdale,Boro Zone
1,2023-01-08 22:49:36,2023-01-08 23:02:40,N,99.0,41,74,6.0,2.668,9.01,3.5,0.0,2.8,0.0,,0.0,15.31,1.0,2.0,0.0,Manhattan,Lincoln Square West,Yellow Zone,Manhattan,Morningside Heights,Boro Zone
2,2023-01-19 06:39:19,2023-01-19 07:13:42,N,99.0,75,75,3.0,0.283,4.05,1.5,0.0,2.26,9.5,,0.0,19.81,1.0,2.0,2.5,Manhattan,Bloomingdale,Boro Zone,Manhattan,Bloomingdale,Boro Zone
2,2023-01-21 06:44:50,2023-01-21 07:11:24,N,3.0,239,142,3.0,1.943,3.48,1.25,0.0,0.0,0.0,,0.0,7.23,2.0,2.0,2.5,Manhattan,Central Park,Yellow Zone,Queens,Steinway,Boro Zone
2,2023-01-30 12:45:03,2023-01-30 13:27:38,N,6.0,239,1,5.0,0.446,4.57,0.0,0.0,0.0,6.55,,0.3,11.42,2.0,1.0,0.0,Manhattan,Central Park,Yellow Zone,Unknown,Unknown,Unknown
2,2023-01-06 13:20:47,2023-01-06 13:42:42,N,6.0,41,138,5.0,3.934,10.99,2.5,0.0,2.28,0.0,,0.3,18.82,1.0,2.0,2.75,Manhattan,Lincoln Square West,Yellow Zone,Queens,JFK Airport,Airports
2,2023-01-02 05:50:50,2023-01-02 06:14:44,Y,5.0,132,239,3.0,1.196,5.7,2.0,0.5,0.0,9.5,,0.0,20.45,2.0,2.0,2.75,Queens,LaGuardia Airport,Airports,Manhattan,Central Park,Yellow Zone
2,2023-01-26 19:54:20,2023-01-26 20:03:46,N,6.0,263,132,6.0,0.497,2.5,2.0,0.5,0.0,0.0,,0.3,8.05,1.0,1.0,2.75,Brooklyn,Greenpoint,Boro Zone,Queens,LaGuardia Airport,Airports
2,2023-01-17 09:56:15,2023-01-17 10:30:19,Y,5.0,1,1,4.0,2.192,4.53,2.5,0.0,0.74,5.76,,0.3,16.33,1.0,2.0,2.5,Unknown,Unknown,Unknown,Unknown,Unknown,Unknown
2,2023-01-18 12:58:56,2023-01-18 13:44:23,N,4.0,142,4,9.0,1.953,3.73,3.75,0.0,0.19,9.5,,0.3,20.22,1.0,1.0,2.75,Queens,Steinway,Boro Zone,Bronx,Allerton/Pelham Gardens,Boro Zone
2,2023-01-03 01:31:14,2023-01-03 02:13:50,Y,99.0,41,75,3.0,1.977,7.56,3.75,0.5,1.64,6.55,,0.0,20.0,1.0,1.0,0.0,Manhattan,Lincoln Square West,Yellow Zone,Manhattan,Bloomingdale,Boro Zone
2,2023-01-08 12:05:07,2023-01-08 12:27:38,Y,4.0,74,132,6.0,2.291,6.41,6.0,0.0,0.0,17.0,,0.3,32.21,2.0,1.0,2.5,Manhattan,Morningside Heights,Boro Zone,Queens,LaGuardia Airport,Airports
1,2023-01-31 15:34:41,2023-01-31 16:01:22,Y,99.0,181,74,6.0,3.742,10.24,1.25,0.0,2.11,17.0,,0.3,30.9,1.0,1.0,0.0,Brooklyn,Williamsburg (North Side),Boro Zone,Manhattan,Morningside Heights,Boro Zone
2,2023-01-06 03:38:21,2023-01-06 04:04:10,N,99.0,142,75,9.0,2.305,5.4,3.5,0.5,0.0,0.0,,0.3,9.7,2.0,2.0,0.0,Queens,Steinway,Boro Zone,Manhattan,Bloomingdale,Boro Zone
2,2023-01-15 04:11:05,2023-01-15 04:29:44,N,6.0,142,7,3.0,4.149,12.38,1.5,0.5,0.0,17.0,,0.0,34.13,2.0,1.0,2.75,Queens,Steinway,Boro Zone,Queens,Steinway,Boro Zone
2,2023-01-05 06:07:34,2023-01-05 06:38:15,Y,2.0,263,263,2.0,3.127,9.52,1.25,0.5,0.33,0.0,,0.0,14.35,1.0,1.0,2.75,Brooklyn,Greenpoint,Boro Zone,Brooklyn,Greenpoint,Boro Zone
2,2023-01-16 00:21:26,2023-01-16 00:59:10,N,4.0,181,41,0.0,2.552,6.77,1.25,0.5,0.82,0.0,,0.3,12.39,1.0,2.0,2.75,Brooklyn,Williamsburg (North Side),Boro Zone,Manhattan,Lincoln Square West,Yellow Zone
2,2023-01-06 04:43:02,2023-01-06 04:59:29,N,99.0,263,181,6.0,0.609,6.72,5.5,0.5,0.95,12.24,,0.0,28.41,1.0,2.0,2.5,Brooklyn,Greenpoint,Boro Zone,Brooklyn,Williamsburg (North Side),Boro Zone
1,2023-01-20 15:56:45,2023-01-20 16:20:42,N,3.0,1,1,6.0,1.238,4.36,4.0,0.0,1.55,0.0,,0.3,10.21,1.0,2.0,0.0,Unknown,Unknown,Unknown,Unknown,Unknown,Unknown
1,2023-01-17 15:35:33,2023-01-17 15:52:26,Y,6.0,7,75,6.0,1.385,5.91,1.0,0.5,0.0,17.0,,0.0,24.41,2.0,2.0,0.0,Queens,Steinway,Boro Zone,Manhattan,Bloomingdale,Boro Zone
2,2023-01-23 23:33:08,2023-01-24 00:18:51,N,3.0,138,4,6.0,0.885,4.6,1.5,0.5,0.0,6.55,,0.3,13.45,2.0,1.0,0.0,Queens,JFK Airport,Airports,Bronx,Allerton/Pelham Gardens,Boro Zone
1,2023-01-03 04:36:47,2023-01-03 05:08:33,N,2.0,1,74,1.0,0.822,4.78,5.0,0.0,0.74,17.0,,0.0,27.52,1.0,1.0,0.0,Unknown,Unknown,Unknown,Manhattan,Morningside Heights,Boro Zone
1,2023-01-03 13:54:26,2023-01-03 14:13:21,Y,4.0,74,1,1.0,2.996,7.82,3.5,0.0,0.0,12.24,,0.3,26.61,2.0,2.0,2.75,Manhattan,Morningside Heights,Boro Zone,Unknown,Unknown,Unknown
1,2023-01-03 02:51:02,2023-01-03 03:01:13,Y,3.0,138,75,1.0,0.804,2.5,3.5,0.0,0.0,0.0,,0.3,9.05,2.0,2.0,2.75,Queens,JFK Airport,Airports,Manhattan,Bloomingdale,Boro Zone
1,2023-01-13 01:47:13,2023-01-13 02:21:06,Y,1.0,239,4,4.0,1.598,7.11,5.5,0.0,0.0,6.55,,0.0,21.66,2.0,2.0,2.5,Manhattan,Central Park,Yellow Zone,Bronx,Allerton/Pelham Gardens,Boro Zone
2,2023-01-29 14:19:44,2023-01-29 14:37:22,Y,99.0,138,74,6.0,4.48,10.28,5.5,0.5,0.0,6.55,,0.0,25.33,2.0,2.0,2.5,Queens,JFK Airport,Airports,Manhattan,Morningside Heights,Boro Zone
2,2023-01-31 04:48:25,2023-01-31 05:06:15,Y,6.0,75,239,4.0,5.663,13.47,3.5,0.5,0.0,0.0,,0.3,20.27,2.0,2.0,2.5,Manhattan,Bloomingdale,Boro Zone,Manhattan,Central Park,Yellow Zone
2,2023-01-21 03:06:23,2023-01-21 03:29:01,N,2.0,74,181,9.0,5.57,12.92,3.5,0.5,0.0,6.55,,0.3,23.77,2.0,2.0,0.0,Manhattan,Morningside Heights,Boro Zone,Brooklyn,Williamsburg (North Side),Boro Zone
1,2023-01-04 08:13:10,2023-01-04 08:25:03,N,99.0,239,75,4.0,1.569,4.98,2.0,0.5,0.94,12.24,,0.3,23.71,1.0,1.0,2.75,Manhattan,Central Park,Yellow Zone,Manhattan,Bloomingdale,Boro Zone
2,2023-01-11 06:27:05,2023-01-11 07:00:05,N,5.0,142,75,3.0,5.68,14.48,4.0,0.5,2.47,17.0,,0.3,41.25,1.0,1.0,2.5,Queens,Steinway,Boro Zone,Manhattan,Bloomingdale,Boro Zone
2,2023-01-08 03:56:32,2023-01-08 04:26:03,Y,3.0,138,181,5.0,1.12,4.91,2.75,0.5,0.0,0.0,,0.3,11.21,2.0,2.0,2.75,Queens,JFK Airport,Airports,Brooklyn,Williamsburg (North Side),Boro Zone
2,2023-01-07 04:57:06,2023-01-07 05:31:38,N,3.0,75,138,3.0,3.392,10.01,0.5,0.0,2.2,5.76,,0.3,18.77,1.0,1.0,0.0,Manhattan,Bloomingdale,Boro Zone,Queens,JFK Airport,Airports
2,2023-01-18 22:01:38,2023-01-18 22:04:10,N,6.0,142,41,4.0,0.139,3.67,0.5,0.0,0.0,6.55,,0.3,11.02,2.0,1.0,0.0,Queens,Steinway,Boro Zone,Manhattan,Lincoln Square West,Yellow Zone
1,2023-01-02 06:15:40,2023-01-02 06:29:10,N,1.0,41,1,0.0,1.447,5.23,3.0,0.5,0.0,0.0,,0.0,11.48,2.0,1.0,2.75,Manhattan,Lincoln Square West,Yellow Zone,Unknown,Unknown,Unknown
2,2023-01-20 08:47:30,2023-01-20 09:11:46,N,4.0,239,263,9.0,0.12,5.1,2.0,0.0,0.0,0.0,,0.0,9.6,2.0,1.0,2.5,Manhattan,Central Park,Yellow Zone,Brooklyn,Greenpoint,Boro Zone
2,2023-01-01 18:19:13,2023-01-01 19:01:19,Y,5.0,4,263,0.0,2.843,7.15,1.0,0.0,1.75,6.55,,0.3,16.75,1.0,1.0,0.0,Bronx,Allerton/Pelham Gardens,Boro Zone,Brooklyn,Greenpoint,Boro Zone
1,2023-01-06 23:32:51,2023-01-06 23:44:27,N,4.0,75,132,9.0,2.058,7.74,1.5,0.5,2.08,0.0,,0.3,14.87,1.0,1.0,2.75,Manhattan,Bloomingdale,Boro Zone,Queens,LaGuardia Airport,Airports
1,2023-01-11 01:31:14,2023-01-11 02:08:31,N,6.0,41,263,1.0,3.086,6.38,1.0,0.0,3.29,12.24,,0.0,25.66,1.0,1.0,2.75,Manhattan,Lincoln Square West,Yellow Zone,Brooklyn,Greenpoint,Boro Zone
2,2023-01-30 01:42:00,2023-01-30 02:13:16,N,3.0,132,75,0.0,1.409,4.83,1.25,0.5,0.0,0.0,,0.3,9.63,2.0,1.0,2.75,Queens,LaGuardia Airport,Airports,Manhattan,Bloomingdale,Boro Zone
2,2023-01-01 18:23:54,2023-01-01 18:44:42,Y,4.0,41,74,1.0,8.057,18.0,3.0,0.0,4.18,5.76,,0.0,33.44,1.0,1.0,2.5,Manhattan,Lincoln Square West,Yellow Zone,Manhattan,Morningside Heights,Boro Zone
2,2023-01-01 14:25:34,2023-01-01 14:46:31,N,4.0,239,1,1.0,0.727,7.09,2.75,0.5,0.0,0.0,,0.3,13.14,2.0,2.0,2.5,Manhattan,Central Park,Yellow Zone,Unknown,Unknown,Unknown
1,2023-01-27 19:42:16,2023-01-27 20:04:51,N,6.0,132,142,5.0,5.465,14.04,3.5,0.5,2.73,12.24,,0.0,33.01,1.0,1.0,0.0,Queens,LaGuardia Airport,Airports,Queens,Steinway,Boro Zone
1,2023-01-03 16:25:15,2023-01-03 16:43:52,Y,4.0,239,181,9.0,1.185,5.24,6.0,0.5,0.0,0.0,,0.0,14.49,2.0,2.0,2.75,Manhattan,Central Park,Yellow Zone,Brooklyn,Williamsburg (North Side),Boro Zone
2,2023-01-09 07:30:16,2023-01-09 07:59:13,N,3.0,142,132,5.0,1.288,5.14,3.75,0.0,0.0,9.5,,0.0,20.89,2.0,2.0,2.5,Queens,Steinway,Boro Zone,Queens,LaGuardia Airport,Airports
2,2023-01-16 11:34:42,2023-01-16 11:44:29,Y,4.0,132,4,1.0,0.45,2.92,2.0,0.5,0.0,12.24,,0.3,17.96,2.0,1.0,0.0,Queens,LaGuardia Airport,Airports,Bronx,Allerton/Pelham Gardens,Boro Zone
2,2023-01-05 13:35:40,2023-01-05 13:41:15,N,1.0,75,142,3.0,3.025,7.47,3.0,0.5,0.0,6.55,,0.3,20.57,2.0,1.0,2.75,Manhattan,Bloomingdale,Boro Zone,Queens,Steinway,Boro Zone
1,2023-01-03 21:04:43,2023-01-03 21:45:09,N,4.0,4,41,9.0,1.816,4.94,0.5,0.0,0.0,9.5,,0.0,17.69,1.0,2.0,2.75,Bronx,Allerton/Pelham Gardens,Boro Zone,Manhattan,Lincoln Square West,Yellow Zone
2,2023-01-22 18:04:50,2023-01-22 18:19:39,Y,2.0,263,181,1.0,0.972,4.37,2.75,0.0,0.0,5.76,,0.0,15.38,2.0,2.0,2.5,Brooklyn,Greenpoint,Boro Zone,Brooklyn,Williamsburg (North Side),Boro Zone
2,2023-01-30 11:49:27,2023-01-30 12:32:05,Y,4.0,7,4,2.0,3.135,11.07,2.5,0.0,0.0,9.5,,0.0,23.07,2.0,2.0,0.0,Queens,Steinway,Boro Zone,Bronx,Allerton/Pelham Gardens,Boro Zone
2,2023-01-09 17:46:35,2023-01-09 18:13:30,Y,3.0,7,4,4.0,2.416,9.05,5.5,0.5,0.0,0.0,,0.0,17.55,2.0,2.0,2.5,Queens,Steinway,Boro Zone,Bronx,Allerton/Pelham Gardens,Boro Zone
2,2023-01-22 15:50:03,2023-01-22 16:23:47,N,3.0,7,138,3.0,2.603,7.73,4.0,0.0,0.0,6.55,,0.3,18.58,2.0,1.0,0.0,Queens,Steinway,Boro Zone,Queens,JFK Airport,Airports
2,2023-01-04 00:09:07,2023-01-04 00:45:25,N,4.0,181,239,2.0,2.244,7.74,2.75,0.0,0.0,0.0,,0.0,13.24,2.0,1.0,2.75,Brooklyn,Williamsburg (North Side),Boro Zone,Manhattan,Central Park,Yellow Zone
2,2023-01-01 14:35:28,2023-01-01 14:50:42,Y,6.0,1,138,2.0,6.076,13.5,2.5,0.0,0.0,9.5,,0.0,28.0,2.0,2.0,2.5,Unknown,Unknown,Unknown,Queens,JFK Airport,Airports
2,2023-01-21 12:26:42,2023-01-21 12:44:04,Y,99.0,1,239,5.0,6.142,13.57,5.5,0.5,0.0,17.0,,0.3,39.62,2.0,1.0,2.75,Unknown,Unknown,Unknown,Manhattan,Central Park,Yellow Zone
1,2023-01-31 21:04:27,2023-01-31 21:41:52,N,2.0,41,41,1.0,0.234,2.5,2.5,0.0,0.0,5.76,,0.0,13.26,1.0,2.0,2.5,Manhattan,Lincoln Square West,Yellow Zone,Manhattan,Lincoln Square West,Yellow Zone
2,2023-01-16 19:56:03,2023-01-16 20:10:30,Y,3.0,74,74,5.0,2.852,7.24,2.0,0.5,0.0,0.0,,0.0,9.74,2.0,1.0,0.0,Manhattan,Morningside Heights,Boro Zone,Manhattan,Morningside Heights,Boro Zone
1,2023-01-14 12:03:08,2023-01-14 12:10:25,N,5.0,142,132,3.0,1.474,7.97,2.75,0.0,0.0,0.0,,0.0,13.22,2.0,2.0,2.5,Queens,Steinway,Boro Zone,Queens,LaGuardia Airport,Airports
1,2023-01-14 15:14:09,2023-01-14 15:26:04,N,3.0,138,142,2.0,0.915,4.54,0.5,0.5,0.0,6.55,,0.3,15.14,2.0,2.0,2.75,Queens,JFK Airport,Airports,Queens,Steinway,Boro Zone
2,2023-01-07 01:55:03,2023-01-07 02:29:56,N,2.0,1,142,6.0,4.067,11.08,5.5,0.5,0.0,12.24,,0.0,29.32,2.0,2.0,0.0,Unknown,Unknown,Unknown,Queens,Steinway,Boro Zone
2,2023-01-21 10:43:36,2023-01-21 11:07:34,Y,99.0,75,1,6.0,0.225,3.36,1.5,0.0,0.0,0.0,,0.0,7.61,2.0,2.0,2.75,Manhattan,Bloomingdale,Boro Zone,Unknown,Unknown,Unknown
2,2023-01-04 03:14:06,2023-01-04 03:16:26,Y,6.0,142,181,3.0,2.702,7.91,3.5,0.5,1.26,6.55,,0.0,22.47,1.0,1.0,2.75,Queens,Steinway,Boro Zone,Brooklyn,Williamsburg (North Side),Boro Zone
1,2023-01-27 14:09:56,2023-01-27 14:48:05,N,6.0,75,74,2.0,1.39,6.21,0.5,0.5,0.0,9.5,,0.3,19.76,2.0,1.0,2.75,Manhattan,Bloomingdale,Boro Zone,Manhattan,Morningside Heights,Boro Zone
2,2023-01-13 14:02:21,2023-01-13 14:05:11,N,99.0,181,239,2.0,0.63,2.75,1.5,0.5,0.0,0.0,,0.3,7.8,2.0,1.0,2.75,Brooklyn,Williamsburg (North Side),Boro Zone,Manhattan,Central Park,Yellow Zone
1,2023-01-09 02:41:43,2023-01-09 03:15:16,Y,99.0,4,239,6.0,0.71,3.46,5.5,0.5,0.0,0.0,,0.0,11.96,1.0,2.0,2.5,Bronx,Allerton/Pelham Gardens,Boro Zone,Manhattan,Central Park,Yellow Zone
2,2023-01-16 17:57:22,2023-01-16 18:10:22,N,6.0,41,1,4.0,1.717,9.03,3.5,0.5,3.99,9.5,,0.3,26.82,1.0,2.0,0.0,Manhattan,Lincoln Square West,Yellow Zone,Unknown,Unknown,Unknown
2,2023-01-09 01:56:08,2023-01-09 02:14:55,Y,6.0,74,41,1.0,2.496,6.51,3.75,0.5,0.0,6.55,,0.3,20.36,2.0,1.0,2.75,Manhattan,Morningside Heights,Boro Zone,Manhattan,Lincoln Square West,Yellow Zone
1,2023-01-10 13:29:56,2023-01-10 13:44:57,N,4.0,132,138,1.0,2.566,7.71,0.5,0.0,0.0,0.0,,0.0,10.71,2.0,2.0,2.5,Queens,LaGuardia Airport,Airports,Queens,JFK Airport,Airports
2,2023-01-04 16:12:17,2023-01-04 16:31:46,Y,4.0,75,181,1.0,0.637,3.95,5.5,0.5,0.89,0.0,,0.3,13.64,1.0,2.0,2.5,Manhattan,Bloomingdale,Boro Zone,Brooklyn,Williamsburg (North Side),Boro Zone
2,2023-01-23 08:44:07,2023-01-23 09:01:06,Y,99.0,75,239,5.0,1.708,6.25,0.5,0.5,0.0,0.0,,0.3,7.55,2.0,2.0,0.0,Manhattan,Bloomingdale,Boro Zone,Manhattan,Central Park,Yellow Zone
2,2023-01-16 00:08:36,2023-01-16 00:38:39,Y,6.0,1,75,3.0,1.191,6.7,3.75,0.0,0.79,0.0,,0.0,13.74,1.0,1.0,2.5,Unknown,Unknown,Unknown,Manhattan,Bloomingdale,Boro Zone
1,2023-01-22 11:16:11,2023-01-22 11:37:34,Y,5.0,74,74,3.0,2.43,6.64,5.5,0.0,2.68,0.0,,0.3,15.12,1.0,2.0,0.0,Manhattan,Morningside Heights,Boro Zone,Manhattan,Morningside Heights,Boro Zone
2,2023-01-08 15:46:54,2023-01-08 16:11:48,Y,1.0,74,142,0.0,0.394,2.5,1.0,0.0,0.0,17.0,,0.3,20.8,2.0,1.0,0.0,Manhattan,Morningside Heights,Boro Zone,Queens,Steinway,Boro Zone
1,2023-01-13 09:57:27,2023-01-13 10:03:06,Y,6.0,4,1,6.0,4.9,11.17,3.0,0.0,0.0,17.0,,0.0,33.67,2.0,2.0,2.5,Bronx,Allerton/Pelham Gardens,Boro Zone,Unknown,Unknown,Unknown
1,2023-01-17 08:18:10,2023-01-17 08:46:38,N,5.0,181,263,3.0,5.213,13.04,3.5,0.0,2.49,0.0,,0.3,21.83,1.0,1.0,2.5,Brooklyn,Williamsburg (North Side),Boro Zone,Brooklyn,Greenpoint,Boro Zone
2,2023-01-25 22:24:20,2023-01-25 22:30:37,Y,4.0,74,142,9.0,0.732,3.13,0.5,0.0,2.99,6.55,,0.3,16.22,1.0,1.0,2.75,Manhattan,Morningside Heights,Boro Zone,Queens,Steinway,Boro Zone
2,2023-01-26 23:38:51,2023-01-27 00:06:36,N,5.0,263,181,4.0,6.487,15.56,2.75,0.5,0.0,6.55,,0.0,28.11,1.0,1.0,2.75,Brooklyn,Greenpoint,Boro Zone,Brooklyn,Williamsburg (North Side),Boro Zone
1,2023-01-15 14:24:26,2023-01-15 14:34:51,N,3.0,132,142,9.0,3.126,10.56,2.5,0.5,0.0,12.24,,0.0,28.3,2.0,2.0,2.5,Queens,LaGuardia Airport,Airports,Queens,Steinway,Boro Zone
2,2023-01-27 10:24:29,2023-01-27 11:09:16,Y,6.0,138,138,9.0,1.998,6.16,0.5,0.0,0.0,0.0,,0.0,6.66,2.0,1.0,0.0,Queens,JFK Airport,Airports,Queens,JFK Airport,Airports
2,2023-01-27 11:27:03,2023-01-27 12:03:54,Y,5.0,138,41,0.0,1.215,3.09,3.5,0.5,0.0,9.5,,0.0,19.09,2.0,2.0,2.5,Queens,JFK Airport,Airports,Manhattan,Lincoln Square West,Yellow Zone
2,2023-01-05 12:13:13,2023-01-05 12:42:35,N,3.0,239,7,1.0,5.405,13.69,3.5,0.0,0.0,0.0,,0.0,19.94,2.0,1.0,2.75,Manhattan,Central Park,Yellow Zone,Queens,Steinway,Boro Zone
2,2023-01-28 08:38:37,2023-01-28 08:46:39,Y,99.0,41,74,4.0,2.252,8.46,3.5,0.0,0.0,12.24,,0.3,27.25,1.0,2.0,2.75,Manhattan,Lincoln Square West,Yellow Zone,Manhattan,Morningside Heights,Boro Zone
2,2023-01-19 17:45:35,2023-01-19 18:12:29,N,3.0,74,138,5.0,0.786,3.79,0.0,0.0,0.0,0.0,,0.0,6.54,2.0,1.0,2.75,Manhattan,Morningside Heights,Boro Zone,Queens,JFK Airport,Airports
1,2023-01-26 09:03:34,2023-01-26 09:26:59,Y,6.0,142,138,3.0,2.114,4.39,2.5,0.5,0.97,6.55,,0.3,17.71,1.0,2.0,2.5,Queens,Steinway,Boro Zone,Queens,JFK Airport,Airports
2,2023-01-17 18:12:40,2023-01-17 18:17:49,Y,1.0,181,1,2.0,2.186,9.09,1.0,0.0,0.0,12.24,,0.0,24.83,2.0,2.0,2.5,Brooklyn,Williamsburg (North Side),Boro Zone,Unknown,Unknown,Unknown
2,2023-01-11 16:37:55,2023-01-11 17:01:28,N,3.0,132,132,3.0,5.952,16.49,5.0,0.0,1.89,5.76,,0.3,31.94,1.0,2.0,2.5,Queens,LaGuardia Airport,Airports,Queens,LaGuardia Airport,Airports
2,2023-01-12 14:22:43,2023-01-12 14:50:16,N,1.0,74,142,3.0,0.997,4.48,2.5,0.0,0.0,9.5,,0.0,16.48,2.0,1.0,0.0,Manhattan,Morningside Heights,Boro Zone,Queens,Steinway,Boro Zone
2,2023-01-16 05:08:52,2023-01-16 05:43:44,N,1.0,4,4,0.0,0.748,3.02,2.75,0.5,0.0,0.0,,0.0,6.27,2.0,1.0,0.0,Bronx,Allerton/Pelham Gardens,Boro Zone,Bronx,Allerton/Pelham Gardens,Boro Zone
2,2023-01-10 23:35:57,2023-01-11 00:08:20,Y,4.0,1,263,0.0,1.323,2.5,2.5,0.0,0.0,5.76,,0.3,11.06,2.0,2.0,0.0,Unknown,Unknown,Unknown,Brooklyn,Greenpoint,Boro Zone
2,2023-01-10 04:59:03,2023-01-10 05:31:08,N,1.0,239,263,6.0,3.432,9.95,0.0,0.5,0.0,5.76,,0.0,18.96,2.0,2.0,2.75,Manhattan,Central Park,Yellow Zone,Brooklyn,Greenpoint,Boro Zone
1,2023-01-21 17:43:42,2023-01-21 17:51:35,Y,4.0,7,74,6.0,2.047,5.51,3.0,0.0,0.0,0.0,,0.3,11.31,2.0,1.0,2.5,Queens,Steinway,Boro Zone,Manhattan,Morningside Heights,Boro Zone
1,2023-01-28 06:57:01,2023-01-28 07:00:15,Y,5.0,239,74,3.0,1.241,2.5,6.0,0.5,4.3,6.55,,0.3,22.9,1.0,1.0,2.75,Manhattan,Central Park,Yellow Zone,Manhattan,Morningside Heights,Boro Zone
2,2023-01-26 20:44:53,2023-01-26 21:12:46,Y,2.0,1,1,2.0,0.563,4.58,5.0,0.0,0.0,5.76,,0.0,18.09,2.0,2.0,2.75,Unknown,Unknown,Unknown,Unknown,Unknown,Unknown
2,2023-01-12 01:08:00,2023-01-12 01:21:46,N,99.0,142,1,5.0,3.977,11.6,1.0,0.5,0.0,9.5,,0.0,25.1,2.0,2.0,2.5,Queens,Steinway,Boro Zone,Unknown,Unknown,Unknown
1,2023-01-10 02:57:40,2023-01-10 03:10:15,N,5.0,142,239,1.0,3.787,7.55,1.5,0.5,0.0,9.5,,0.3,19.35,1.0,2.0,0.0,Queens,Steinway,Boro Zone,Manhattan,Central Park,Yellow Zone
1,2023-01-05 15:58:01,2023-01-05 16:43:02,N,4.0,41,181,0.0,1.508,7.03,2.75,0.0,0.0,0.0,,0.3,12.83,2.0,1.0,2.75,Manhattan,Lincoln Square West,Yellow Zone,Brooklyn,Williamsburg (North Side),Boro Zone
1,2023-01-08 14:25:02,2023-01-08 15:03:10,N,6.0,4,4,1.0,1.162,5.62,3.0,0.0,0.0,17.0,,0.0,25.62,2.0,2.0,0.0,Bronx,Allerton/Pelham Gardens,Boro Zone,Bronx,Allerton/Pelham Gardens,Boro Zone
1,2023-01-18 02:34:10,2023-01-18 03:05:40,N,3.0,239,7,4.0,4.795,12.34,2.5,0.5,1.99,5.76,,0.3,26.14,1.0,2.0,2.75,Manhattan,Central Park,Yellow Zone,Queens,Steinway,Boro Zone
1,2023-01-17 00:33:38,2023-01-17 01:09:38,N,3.0,142,132,4.0,3.078,11.03,4.0,0.0,2.52,17.0,,0.3,34.85,1.0,2.0,0.0,Queens,Steinway,Boro Zone,Queens,LaGuardia Airport,Airports
2,2023-01-25 22:49:08,2023-01-25 23:05:07,Y,5.0,4,7,1.0,3.095,8.21,1.5,0.5,0.75,6.55,,0.3,17.81,1.0,2.0,0.0,Bronx,Allerton/Pelham Gardens,Boro Zone,Queens,Steinway,Boro Zone
1,2023-01-17 21:51:14,2023-01-17 22:06:39,N,3.0,74,239,2.0,1.707,6.83,1.25,0.5,2.83,0.0,,0.3,11.71,1.0,1.0,0.0,Manhattan,Morningside Heights,Boro Zone,Manhattan,Central Park,Yellow Zone
2,2023-01-13 14:18:07,2023-01-13 14:57:39,Y,5.0,74,74,0.0,1.465,5.46,3.75,0.5,0.0,0.0,,0.0,12.46,2.0,1.0,2.75,Manhattan,Morningside Heights,Boro Zone,Manhattan,Morningside Heights,Boro Zone
1,2023-01-08 23:29:36,2023-01-08 23:32:49,N,1.0,75,4,6.0,5.218,9.5,2.0,0.0,0.0,0.0,,0.3,14.55,2.0,2.0,2.75,Manhattan,Bloomingdale,Boro Zone,Bronx,Allerton/Pelham Gardens,Boro Zone
1,2023-01-04 23:54:26,2023-01-05 00:04:07,N,99.0,142,263,9.0,4.778,12.56,6.0,0.0,0.0,6.55,,0.3,28.16,2.0,2.0,2.75,Queens,Steinway,Boro Zone,Brooklyn,Greenpoint,Boro Zone
2,2023-01-16 05:35:28,2023-01-16 06:07:06,Y,99.0,4,239,3.0,1.452,6.65,5.0,0.0,0.0,0.0,,0.3,11.95,2.0,2.0,0.0,Bronx,Allerton/Pelham Gardens,Boro Zone,Manhattan,Central Park,Yellow Zone
1,2023-01-28 08:00:32,2023-01-28 08:05:53,N,1.0,181,7,2.0,4.018,10.46,1.5,0.5,4.33,0.0,,0.0,19.29,1.0,1.0,2.5,Brooklyn,Williamsburg (North Side),Boro Zone,Queens,Steinway,Boro Zone
1,2023-01-15 03:52:00,2023-01-15 04:31:12,N,1.0,75,41,6.0,1.714,4.46,3.0,0.5,0.0,6.55,,0.0,17.01,1.0,2.0,2.5,Manhattan,Bloomingdale,Boro Zone,Manhattan,Lincoln Square West,Yellow Zone
2,2023-01-29 11:28:11,2023-01-29 11:31:37,Y,99.0,138,74,5.0,7.557,19.69,5.0,0.0,0.0,5.76,,0.0,30.45,2.0,2.0,0.0,Queens,JFK Airport,Airports,Manhattan,Morningside Heights,Boro Zone
2,2023-01-18 20:01:29,2023-01-18 20:45:55,N,5.0,4,138,0.0,4.015,8.94,6.0,0.0,0.57,0.0,,0.0,18.01,1.0,1.0,2.5,Bronx,Allerton/Pelham Gardens,Boro Zone,Queens,JFK Airport,Airports
2,2023-01-20 02:06:29,2023-01-20 02:13:36,Y,99.0,132,1,4.0,0.823,3.24,1.25,0.5,0.91,0.0,,0.0,5.9,1.0,2.0,0.0,Queens,LaGuardia Airport,Airports,Unknown,Unknown,Unknown
2,2023-01-02 10:58:05,2023-01-02 11:17:29,Y,1.0,263,41,9.0,0.174,4.15,3.5,0.0,0.0,0.0,,0.0,10.4,1.0,2.0,2.75,Brooklyn,Greenpoint,Boro Zone,Manhattan,Lincoln Square West,Yellow Zone
2,2023-01-24 17:52:11,2023-01-24 18:37:46,Y,5.0,181,41,6.0,1.115,6.68,1.0,0.0,3.39,0.0,,0.3,11.37,1.0,2.0,0.0,Brooklyn,Williamsburg (North Side),Boro Zone,Manhattan,Lincoln Square West,Yellow Zone
2,2023-01-30 14:54:32,2023-01-30 15:17:42,N,3.0,74,41,0.0,1.28,3.58,2.0,0.0,0.35,6.55,,0.3,12.78,1.0,2.0,0.0,Manhattan,Morningside Heights,Boro Zone,Manhattan,Lincoln Square West,Yellow Zone
2,2023-01-24 22:23:21,2023-01-24 23:01:14,N,99.0,239,138,2.0,1.348,6.62,5.5,0.5,4.8,9.5,,0.3,29.97,1.0,1.0,2.75,Manhattan,Central Park,Yellow Zone,Queens,JFK Airport,Airports
2,2023-01-29 02:19:00,2023-01-29 02:29:52,Y,3.0,4,181,3.0,3.143,10.39,0.0,0.0,0.0,6.55,,0.0,19.44,2.0,2.0,2.5,Bronx,Allerton/Pelham Gardens,Boro Zone,Brooklyn,Williamsburg (North Side),Boro Zone
2,2023-01-11 05:39:37,2023-01-11 06:22:11,Y,99.0,239,7,3.0,1.151,6.08,1.5,0.5,0.0,0.0,,0.0,10.83,2.0,2.0,2.75,Manhattan,Central Park,Yellow Zone,Queens,Steinway,Boro Zone
2,2023-01-06 09:38:45,2023-01-06 09:41:51,N,6.0,7,4,9.0,1.977,8.36,6.0,0.5,0.0,0.0,,0.3,15.16,2.0,2.0,0.0,Queens,Steinway,Boro Zone,Bronx,Allerton/Pelham Gardens,Boro Zone
2,2023-01-08 15:55:43,2023-01-08 16:40:41,Y,6.0,239,239,6.0,0.727,2.5,0.5,0.5,0.0,17.0,,0.0,23.25,2.0,2.0,2.75,Manhattan,Central Park,Yellow Zone,Manhattan,Central Park,Yellow Zone
2,2023-01-25 00:51:36,2023-01-25 01:00:27,N,3.0,181,41,9.0,1.932,7.57,3.5,0.5,0.0,0.0,,0.0,14.32,2.0,2.0,2.75,Brooklyn,Williamsburg (North Side),Boro Zone,Manhattan,Lincoln Square West,Yellow Zone
2,2023-01-12 01:10:52,2023-01-12 01:55:13,N,3.0,74,1,0.0,1.917,5.33,0.5,0.5,0.0,0.0,,0.3,9.38,1.0,1.0,2.75,Manhattan,Morningside Heights,Boro Zone,Unknown,Unknown,Unknown
2,2023-01-15 23:48:22,2023-01-16 00:06:41,Y,2.0,132,181,1.0,6.298,12.65,1.25,0.5,5.76,9.5,,0.3,32.46,1.0,1.0,2.5,Queens,LaGuardia Airport,Airports,Brooklyn,Williamsburg (North Side),Boro Zone
2,2023-01-02 13:05:54,2023-01-02 13:26:25,N,4.0,75,239,1.0,2.307,10.5,3.5,0.0,0.0,6.55,,0.3,23.35,2.0,2.0,2.5,Manhattan,Bloomingdale,Boro Zone,Manhattan,Central Park,Yellow Zone
1,2023-01-20 06:01:01,2023-01-20 06:18:40,Y,4.0,1,142,6.0,1.168,2.5,6.0,0.0,0.0,0.0,,0.3,11.3,2.0,1.0,2.5,Unknown,Unknown,Unknown,Queens,Steinway,Boro Zone
2,2023-01-09 03:27:42,2023-01-09 03:31:35,Y,1.0,132,7,2.0,3.462,6.31,5.5,0.0,0.0,9.5,,0.3,21.61,2.0,1.0,0.0,Queens,LaGuardia Airport,Airports,Queens,Steinway,Boro Zone
2,2023-01-22 23:49:23,2023-01-22 23:51:30,Y,5.0,4,75,4.0,0.44,3.16,6.0,0.5,1.27,0.0,,0.0,13.68,1.0,2.0,2.75,Bronx,Allerton/Pelham Gardens,Boro Zone,Manhattan,Bloomingdale,Boro Zone
1,2023-01-23 02:43:57,2023-01-23 03:19:56,Y,99.0,4,74,2.0,4.4,8.04,1.25,0.5,0.0,0.0,,0.0,12.29,2.0,2.0,2.5,Bronx,Allerton/Pelham Gardens,Boro Zone,Manhattan,Morningside Heights,Boro Zone
1,2023-01-31 03:02:47,2023-01-31 03:27:45,Y,3.0,7,132,6.0,6.828,16.38,4.0,0.5,1.67,0.0,,0.3,25.35,1.0,1.0,2.5,Queens,Steinway,Boro Zone,Queens,LaGuardia Airport,Airports
1,2023-01-21 00:01:36,2023-01-21 00:31:22,N,4.0,4,74,5.0,3.081,9.95,1.0,0.0,2.43,17.0,,0.0,32.88,1.0,1.0,2.5,Bronx,Allerton/Pelham Gardens,Boro Zone,Manhattan,Morningside Heights,Boro Zone
2,2023-01-30 04:36:29,2023-01-30 05:10:24,Y,2.0,142,75,5.0,0.848,2.84,6.0,0.0,0.0,0.0,,0.3,11.89,2.0,1.0,2.75,Queens,Steinway,Boro Zone,Manhattan,Bloomingdale,Boro Zone
2,2023-01-16 05:47:50,2023-01-16 05:58:56,Y,6.0,132,1,4.0,3.44,10.08,3.5,0.0,2.0,17.0,,0.0,35.33,1.0,1.0,2.75,Queens,LaGuardia Airport,Airports,Unknown,Unknown,Unknown
2,2023-01-27 03:40:43,2023-01-27 03:59:44,Y,99.0,1,132,0.0,0.46,2.5,0.5,0.0,2.08,12.24,,0.3,20.37,1.0,2.0,2.75,Unknown,Unknown,Unknown,Queens,LaGuardia Airport,Airports
1,2023-01-23 10:17:58,2023-01-23 10:31:17,N,6.0,181,239,4.0,0.105,5.34,3.75,0.5,0.0,9.5,,0.3,19.39,2.0,2.0,0.0,Brooklyn,Williamsburg (North Side),Boro Zone,Manhattan,Central Park,Yellow Zone
1,2023-01-23 12:41:44,2023-01-23 13:17:36,Y,4.0,138,7,6.0,2.58,7.51,2.75,0.5,0.59,9.5,,0.0,23.35,1.0,2.0,2.5,Queens,JFK Airport,Airports,Queens,Steinway,Boro Zone
2,2023-01-18 05:54:37,2023-01-18 06:19:08,N,2.0,142,181,5.0,2.663,7.28,3.0,0.0,0.0,9.5,,0.3,20.08,2.0,1.0,0.0,Queens,Steinway,Boro Zone,Brooklyn,Williamsburg (North Side),Boro Zone
1,2023-01-24 15:53:44,2023-01-24 16:34:45,Y,1.0,1,138,0.0,2.097,4.67,1.5,0.5,1.82,9.5,,0.3,18.29,1.0,2.0,0.0,Unknown,Unknown,Unknown,Queens,JFK Airport,Airports
2,2023-01-26 23:51:49,2023-01-27 00:36:34,Y,99.0,239,263,2.0,2.233,7.49,2.75,0.5,0.0,6.55,,0.3,20.09,2.0,1.0,2.5,Manhattan,Central Park,Yellow Zone,Brooklyn,Greenpoint,Boro Zone
2,2023-01-29 04:03:48,2023-01-29 04:15:53,Y,2.0,4,41,5.0,0.733,4.79,0.0,0.0,0.0,0.0,,0.3,7.59,2.0,2.0,2.5,Bronx,Allerton/Pelham Gardens,Boro Zone,Manhattan,Lincoln Square West,Yellow Zone
1,2023-01-03 15:28:24,2023-01-03 16:08:21,N,2.0,41,1,4.0,1.19,5.35,4.0,0.5,1.19,9.5,,0.3,23.34,1.0,2.0,2.5,Manhattan,Lincoln Square West,Yellow Zone,Unknown,Unknown,Unknown
1,2023-01-15 04:41:16,2023-01-15 04:49:25,N,5.0,74,239,4.0,3.969,10.2,0.5,0.5,0.0,5.76,,0.3,20.01,2.0,1.0,2.75,Manhattan,Morningside Heights,Boro Zone,Manhattan,Central Park,Yellow Zone
2,2023-01-21 01:28:29,2023-01-21 01:32:28,N,99.0,41,41,5.0,3.652,10.02,3.0,0.5,0.0,6.55,,0.0,20.07,2.0,1.0,0.0,Manhattan,Lincoln Square West,Yellow Zone,Manhattan,Lincoln Square West,Yellow Zone
1,2023-01-09 04:46:02,2023-01-09 05:27:12,N,99.0,1,7,9.0,1.799,8.11,3.0,0.5,0.0,12.24,,0.0,26.6,1.0,2.0,2.75,Unknown,Unknown,Unknown,Queens,Steinway,Boro Zone
1,2023-01-03 15:21:11,2023-01-03 15:58:04,N,5.0,41,7,4.0,5.946,13.94,3.5,0.5,0.0,9.5,,0.3,30.49,2.0,2.0,2.75,Manhattan,Lincoln Square West,Yellow Zone,Queens,Steinway,Boro Zone
2,2023-01-12 17:08:37,2023-01-12 17:15:32,Y,4.0,1,181,4.0,3.294,6.81,5.0,0.0,1.58,0.0,,0.3,16.19,1.0,1.0,2.5,Unknown,Unknown,Unknown,Brooklyn,Williamsburg (North Side),Boro Zone
1,2023-01-31 01:11:29,2023-01-31 01:21:37,N,2.0,263,74,3.0,0.312,2.5,0.0,0.0,0.0,6.55,,0.0,9.05,2.0,2.0,0.0,Brooklyn,Greenpoint,Boro Zone,Manhattan,Morningside Heights,Boro Zone
2,2023-01-13 18:38:33,2023-01-13 19:05:11,Y,4.0,132,181,9.0,1.005,5.99,5.5,0.0,0.01,0.0,,0.0,14.25,1.0,2.0,2.75,Queens,LaGuardia Airport,Airports,Brooklyn,Williamsburg (North Side),Boro Zone
2,2023-01-05 23:09:48,2023-01-05 23:27:57,N,2.0,75,75,9.0,2.592,10.6,6.0,0.5,0.0,5.76,,0.3,25.91,2.0,2.0,2.75,Manhattan,Bloomingdale,Boro Zone,Manhattan,Bloomingdale,Boro Zone
2,2023-01-09 02:26:23,2023-01-09 02:51:41,N,2.0,181,7,4.0,3.67,10.77,5.0,0.5,0.0,12.24,,0.0,31.26,2.0,2.0,2.75,Brooklyn,Williamsburg (North Side),Boro Zone,Queens,Steinway,Boro Zone
2,2023-01-24 09:20:36,2023-01-24 09:37:41,N,1.0,142,138,6.0,4.639,13.32,6.0,0.5,0.0,0.0,,0.3,20.12,2.0,1.0,0.0,Queens,Steinway,Boro Zone,Queens,JFK Airport,Airports
1,2023-01-19 02:38:38,2023-01-19 03:11:47,N,4.0,74,239,4.0,0.23,6.87,4.0,0.5,0.0,12.24,,0.0,23.61,2.0,2.0,0.0,Manhattan,Morningside Heights,Boro Zone,Manhattan,Central Park,Yellow Zone
1,2023-01-08 16:29:40,2023-01-08 16:37:48,Y,1.0,138,181,3.0,1.853,5.97,3.75,0.0,0.0,0.0,,0.0,9.72,2.0,2.0,0.0,Queens,JFK Airport,Airports,Brooklyn,Williamsburg (North Side),Boro Zone
1,2023-01-21 21:02:20,2023-01-21 21:21:50,Y,1.0,7,142,2.0,2.251,7.05,2.5,0.5,4.34,0.0,,0.3,17.44,1.0,2.0,2.75,Queens,Steinway,Boro Zone,Queens,Steinway,Boro Zone
1,2023-01-29 04:10:06,2023-01-29 04:35:40,Y,6.0,263,181,3.0,2.812,6.84,3.0,0.0,5.14,0.0,,0.0,17.48,1.0,1.0,2.5,Brooklyn,Greenpoint,Boro Zone,Brooklyn,Williamsburg (North Side),Boro Zone
1,2023-01-02 13:14:15,2023-01-02 13:42:09,N,1.0,74,4,0.0,4.8,9.24,1.5,0.0,0.0,17.0,,0.3,30.54,2.0,2.0,2.5,Manhattan,Morningside Heights,Boro Zone,Bronx,Allerton/Pelham Gardens,Boro Zone
2,2023-01-22 07:34:08,2023-01-22 07:39:36,N,2.0,41,138,1.0,4.414,12.58,2.0,0.0,0.0,0.0,,0.3,17.63,2.0,1.0,2.75,Manhattan,Lincoln Square West,Yellow Zone,Queens,JFK Airport,Airports
2,2023-01-12 17:02:07,2023-01-12 17:45:50,N,5.0,263,132,3.0,2.348,8.79,1.0,0.5,0.0,17.0,,0.3,30.34,2.0,1.0,2.75,Brooklyn,Greenpoint,Boro Zone,Queens,LaGuardia Airport,Airports
1,2023-01-07 06:10:59,2023-01-07 06:41:47,Y,2.0,181,142,9.0,1.282,2.5,2.0,0.0,0.0,0.0,,0.0,7.0,2.0,1.0,2.5,Brooklyn,Williamsburg (North Side),Boro Zone,Queens,Steinway,Boro Zone
2,2023-01-11 01:42:03,2023-01-11 01:53:32,N,5.0,142,74,0.0,0.827,2.5,1.5,0.5,0.0,6.55,,0.0,11.05,1.0,2.0,0.0,Queens,Steinway,Boro Zone,Manhattan,Morningside Heights,Boro Zone
2,2023-01-15 01:20:49,2023-01-15 01:26:06,N,6.0,74,181,1.0,1.66,2.92,3.75,0.5,0.0,17.0,,0.3,27.22,1.0,1.0,2.75,Manhattan,Morningside Heights,Boro Zone,Brooklyn,Williamsburg (North Side),Boro Zone
1,2023-01-21 14:03:47,2023-01-21 14:17:45,N,6.0,4,138,5.0,1.902,5.07,2.5,0.5,1.13,17.0,,0.0,26.2,1.0,2.0,0.0,Bronx,Allerton/Pelham Gardens,Boro Zone,Queens,JFK Airport,Airports
2,2023-01-21 01:34:53,2023-01-21 01:49:26,Y,5.0,239,132,1.0,3.871,11.99,0.0,0.0,0.0,6.55,,0.0,18.54,2.0,2.0,0.0,Manhattan,Central Park,Yellow Zone,Queens,LaGuardia Airport,Airports
1,2023-01-12 00:21:01,2023-01-12 00:32:43,N,1.0,1,41,9.0,5.118,11.96,5.0,0.0,0.0,0.0,,0.3,17.26,2.0,2.0,0.0,Unknown,Unknown,Unknown,Manhattan,Lincoln Square West,Yellow Zone
2,2023-01-12 21:09:13,2023-01-12 21:14:08,N,6.0,41,263,0.0,1.122,4.0,2.5,0.5,0.35,12.24,,0.0,22.34,1.0,1.0,2.75,Manhattan,Lincoln Square West,Yellow Zone,Brooklyn,Greenpoint,Boro Zone
2,2023-01-26 00:56:54,2023-01-26 01:07:28,Y,5.0,74,74,0.0,3.337,12.85,6.0,0.0,0.0,0.0,,0.3,19.15,2.0,2.0,0.0,Manhattan,Morningside Heights,Boro Zone,Manhattan,Morningside Heights,Boro Zone
2,2023-01-30 19:12:34,2023-01-30 19:31:50,N,4.0,239,74,9.0,2.819,7.57,5.5,0.5,3.2,9.5,,0.3,26.57,1.0,2.0,0.0,Manhattan,Central Park,Yellow Zone,Manhattan,Morningside Heights,Boro Zone
2,2023-01-09 06:38:00,2023-01-09 06:43:13,Y,6.0,4,263,3.0,3.43,9.16,5.5,0.0,0.0,17.0,,0.0,34.16,2.0,2.0,2.5,Bronx,Allerton/Pelham Gardens,Boro Zone,Brooklyn,Greenpoint,Boro Zone
1,2023-01-25 18:39:54,2023-01-25 19:09:22,Y,4.0,132,263,5.0,4.226,11.38,1.0,0.5,2.21,17.0,,0.0,34.84,1.0,1.0,2.75,Queens,LaGuardia Airport,Airports,Brooklyn,Greenpoint,Boro Zone
1,2023-01-04 18:48:36,2023-01-04 19:01:34,Y,2.0,138,41,1.0,0.462,2.5,0.5,0.0,1.7,9.5,,0.3,17.25,1.0,1.0,2.75,Queens,JFK Airport,Airports,Manhattan,Lincoln Square West,Yellow Zone
2,2023-01-19 16:32:17,2023-01-19 16:39:53,N,2.0,138,1,3.0,0.489,4.52,5.0,0.0,0.0,6.55,,0.0,18.82,2.0,1.0,2.75,Queens,JFK Airport,Airports,Unknown,Unknown,Unknown
2,2023-01-14 03:26:04,2023-01-14 03:44:53,N,2.0,41,4,4.0,0.291,2.5,6.0,0.0,0.0,6.55,,0.0,17.55,2.0,2.0,2.5,Manhattan,Lincoln Square West,Yellow Zone,Bronx,Allerton/Pelham Gardens,Boro Zone
1,2023-01-14 02:37:38,2023-01-14 02:42:33,N,5.0,263,74,9.0,0.634,4.58,0.0,0.5,0.0,6.55,,0.3,14.68,2.0,2.0,2.75,Brooklyn,Greenpoint,Boro Zone,Manhattan,Morningside Heights,Boro Zone
2,2023-01-22 05:04:44,2023-01-22 05:38:49,N,2.0,41,4,9.0,5.83,15.81,1.25,0.0,2.47,5.76,,0.3,28.34,1.0,2.0,2.75,Manhattan,Lincoln Square West,Yellow Zone,Bronx,Allerton/Pelham Gardens,Boro Zone
2,2023-01-06 16:07:22,2023-01-06 16:49:34,N,5.0,181,7,2.0,3.104,9.99,2.5,0.0,0.0,0.0,,0.3,12.79,2.0,1.0,0.0,Brooklyn,Williamsburg (North Side),Boro Zone,Queens,Steinway,Boro Zone
1,2023-01-19 03:52:03,2023-01-19 04:20:40,Y,1.0,75,7,4.0,2.551,7.36,2.5,0.0,0.85,6.55,,0.0,17.26,1.0,2.0,0.0,Manhattan,Bloomingdale,Boro Zone,Queens,Steinway,Boro Zone
2,2023-01-08 20:24:10,2023-01-08 20:55:48,Y,2.0,75,4,3.0,2.464,7.98,4.0,0.0,0.61,9.5,,0.3,22.39,1.0,2.0,0.0,Manhattan,Bloomingdale,Boro Zone,Bronx,Allerton/Pelham Gardens,Boro Zone
2,2023-01-27 04:08:06,2023-01-27 04:11:37,N,4.0,181,239,9.0,1.753,5.11,3.0,0.5,0.0,0.0,,0.3,11.41,2.0,2.0,2.5,Brooklyn,Williamsburg (North Side),Boro Zone,Manhattan,Central Park,Yellow Zone
2,2023-01-31 07:08:23,2023-01-31 07:40:56,N,2.0,41,142,5.0,3.362,12.47,2.0,0.5,1.28,0.0,,0.0,19.0,1.0,1.0,2.75,Manhattan,Lincoln Square West,Yellow Zone,Queens,Steinway,Boro Zone
2,2023-01-13 11:23:53,2023-01-13 12:06:24,N,2.0,4,132,3.0,0.993,3.96,2.0,0.0,2.26,12.24,,0.3,23.51,1.0,2.0,2.75,Bronx,Allerton/Pelham Gardens,Boro Zone,Queens,LaGuardia Airport,Airports
2,2023-01-20 06:17:01,2023-01-20 06:55:29,N,99.0,74,138,9.0,1.2,5.64,4.0,0.5,0.0,5.76,,0.3,16.2,2.0,1.0,0.0,Manhattan,Morningside Heights,Boro Zone,Queens,JFK Airport,Airports
2,2023-01-23 13:56:01,2023-01-23 14:01:27,Y,5.0,263,74,0.0,3.083,7.76,3.0,0.0,0.0,0.0,,0.0,13.51,1.0,1.0,2.75,Brooklyn,Greenpoint,Boro Zone,Manhattan,Morningside Heights,Boro Zone
1,2023-01-24 15:29:59,2023-01-24 15:49:48,Y,6.0,132,181,2.0,3.937,13.4,0.0,0.0,0.9,5.76,,0.3,22.86,1.0,2.0,2.5,Queens,LaGuardia Airport,Airports,Brooklyn,Williamsburg (North Side),Boro Zone
1,2023-01-23 09:42:20,2023-01-23 09:55:26,Y,5.0,4,138,6.0,4.246,10.31,0.0,0.0,0.0,0.0,,0.3,13.36,2.0,1.0,2.75,Bronx,Allerton/Pelham Gardens,Boro Zone,Queens,JFK Airport,Airports
2,2023-01-03 15:08:06,2023-01-03 15:35:39,Y,1.0,142,263,1.0,0.406,2.5,3.0,0.0,0.0,12.24,,0.0,17.74,2.0,2.0,0.0,Queens,Steinway,Boro Zone,Brooklyn,Greenpoint,Boro Zone
1,2023-01-17 01:10:52,2023-01-17 01:23:43,N,4.0,239,263,9.0,3.035,9.44,3.5,0.0,0.0,5.76,,0.0,21.2,1.0,1.0,2.5,Manhattan,Central Park,Yellow Zone,Brooklyn,Greenpoint,Boro Zone
2,2023-01-18 04:50:05,2023-01-18 05:36:00,N,5.0,132,7,9.0,3.77,11.02,0.0,0.0,0.0,17.0,,0.0,28.02,2.0,2.0,0.0,Queens,LaGuardia Airport,Airports,Queens,Steinway,Boro Zone
1,2023-01-07 15:13:09,2023-01-07 15:34:05,Y,2.0,4,1,3.0,2.021,3.77,6.0,0.5,0.0,0.0,,0.3,10.57,1.0,2.0,0.0,Bronx,Allerton/Pelham Gardens,Boro Zone,Unknown,Unknown,Unknown
1,2023-01-28 01:38:03,2023-01-28 02:17:17,Y,99.0,142,74,5.0,0.795,5.05,0.0,0.0,0.0,0.0,,0.0,7.8,2.0,1.0,2.75,Queens,Steinway,Boro Zone,Manhattan,Morningside Heights,Boro Zone
1,2023-01-15 21:28:56,2023-01-15 21:54:07,N,6.0,239,263,5.0,0.106,6.56,2.5,0.0,0.0,0.0,,0.0,11.81,2.0,1.0,2.75,Manhattan,Central Park,Yellow Zone,Brooklyn,Greenpoint,Boro Zone
1,2023-01-21 21:04:07,2023-01-21 21:30:23,Y,3.0,181,75,6.0,5.128,9.03,5.0,0.5,0.0,12.24,,0.0,29.52,2.0,2.0,2.75,Brooklyn,Williamsburg (North Side),Boro Zone,Manhattan,Bloomingdale,Boro Zone
2,2023-01-13 02:48:34,2023-01-13 03:19:17,N,4.0,138,239,2.0,4.449,12.13,3.75,0.5,0.0,0.0,,0.0,19.13,2.0,1.0,2.75,Queens,JFK Airport,Airports,Manhattan,Central Park,Yellow Zone
1,2023-01-13 16:33:33,2023-01-13 16:48:39,N,2.0,239,41,6.0,2.875,7.11,4.0,0.0,0.0,5.76,,0.3,19.67,2.0,1.0,2.5,Manhattan,Central Park,Yellow Zone,Manhattan,Lincoln Square West,Yellow Zone
2,2023-01-17 09:00:21,2023-01-17 09:24:14,N,3.0,4,4,4.0,3.803,7.53,0.5,0.0,0.0,17.0,,0.0,25.03,2.0,2.0,0.0,Bronx,Allerton/Pelham Gardens,Boro Zone,Bronx,Allerton/Pelham Gardens,Boro Zone
2,2023-01-08 01:26:36,2023-01-08 01:44:43,Y,1.0,263,263,1.0,5.733,13.39,2.0,0.0,5.72,0.0,,0.3,23.91,1.0,2.0,2.5,Brooklyn,Greenpoint,Boro Zone,Brooklyn,Greenpoint,Boro Zone
1,2023-01-12 02:26:32,2023-01-12 03:01:31,Y,5.0,142,181,2.0,1.307,3.66,3.75,0.5,0.0,0.0,,0.0,7.91,2.0,2.0,0.0,Queens,Steinway,Boro Zone,Brooklyn,Williamsburg (North Side),Boro Zone
1,2023-01-13 14:14:35,2023-01-13 14:47:49,Y,2.0,142,75,6.0,2.114,10.33,1.5,0.5,1.52,5.76,,0.3,22.41,1.0,2.0,2.5,Queens,Steinway,Boro Zone,Manhattan,Bloomingdale,Boro Zone
2,2023-01-16 13:56:48,2023-01-16 14:08:27,Y,4.0,7,181,1.0,0.623,3.8,1.0,0.5,0.0,6.55,,0.0,14.35,2.0,2.0,2.5,Queens,Steinway,Boro Zone,Brooklyn,Williamsburg (North Side),Boro Zone
2,2023-01-24 17:25:49,2023-01-24 18:00:01,N,99.0,263,7,2.0,1.878,5.16,1.5,0.5,0.0,0.0,,0.0,9.66,2.0,1.0,2.5,Brooklyn,Greenpoint,Boro Zone,Queens,Steinway,Boro Zone
2,2023-01-08 20:32:38,2023-01-08 21:00:23,N,5.0,1,75,3.0,3.855,11.04,2.0,0.5,0.0,0.0,,0.3,16.34,2.0,1.0,2.5,Unknown,Unknown,Unknown,Manhattan,Bloomingdale,Boro Zone
1,2023-01-25 09:03:50,2023-01-25 09:49:38,Y,6.0,132,181,9.0,2.579,8.98,4.0,0.0,1.44,0.0,,0.3,17.22,1.0,2.0,2.5,Queens,LaGuardia Airport,Airports,Brooklyn,Williamsburg (North Side),Boro Zone
1,2023-01-04 18:50:25,2023-01-04 19:03:32,N,2.0,1,181,4.0,1.036,4.79,3.75,0.0,1.5,5.76,,0.3,18.6,1.0,2.0,2.5,Unknown,Unknown,Unknown,Brooklyn,Williamsburg (North Side),Boro Zone
2,2023-01-29 23:33:17,2023-01-29 23:41:27,N,5.0,74,132,0.0,2.406,8.74,5.0,0.5,1.16,0.0,,0.0,15.4,1.0,2.0,0.0,Manhattan,Morningside Heights,Boro Zone,Queens,LaGuardia Airport,Airports
1,2023-01-02 18:19:20,2023-01-02 19:02:33,N,99.0,75,4,5.0,4.897,11.32,5.0,0.5,0.97,6.55,,0.0,24.34,1.0,2.0,0.0,Manhattan,Bloomingdale,Boro Zone,Bronx,Allerton/Pelham Gardens,Boro Zone
1,2023-01-26 05:38:58,2023-01-26 05:59:52,N,3.0,142,263,6.0,5.209,12.61,2.75,0.0,0.0,6.55,,0.3,22.21,2.0,1.0,0.0,Queens,Steinway,Boro Zone,Brooklyn,Greenpoint,Boro Zone
1,2023-01-04 01:28:20,2023-01-04 02:02:10,Y,99.0,7,181,2.0,0.16,4.62,2.0,0.5,0.75,17.0,,0.3,27.67,1.0,2.0,2.5,Queens,Steinway,Boro Zone,Brooklyn,Williamsburg (North Side),Boro Zone
1,2023-01-17 02:11:21,2023-01-17 02:47:49,N,6.0,7,132,9.0,2.416,5.32,2.0,0.0,0.24,12.24,,0.3,20.1,1.0,1.0,0.0,Queens,Steinway,Boro Zone,Queens,LaGuardia Airport,Airports
1,2023-01-19 03:42:40,2023-01-19 04:14:00,Y,6.0,75,263,3.0,3.879,11.57,3.0,0.0,0.0,5.76,,0.0,22.83,2.0,2.0,2.5,Manhattan,Bloomingdale,Boro Zone,Brooklyn,Greenpoint,Boro Zone
1,2023-01-12 12:37:23,2023-01-12 13:07:06,Y,6.0,41,138,6.0,2.251,9.37,2.5,0.0,0.0,0.0,,0.0,14.37,2.0,2.0,2.5,Manhattan,Lincoln Square West,Yellow Zone,Queens,JFK Airport,Airports
1,2023-01-17 02:32:18,2023-01-17 03:05:58,Y,3.0,181,239,1.0,5.231,12.27,3.5,0.0,0.0,17.0,,0.0,35.27,2.0,1.0,2.5,Brooklyn,Williamsburg (North Side),Boro Zone,Manhattan,Central Park,Yellow Zone
2,2023-01-19 17:00:49,2023-01-19 17:17:22,N,5.0,7,181,5.0,3.28,10.76,3.5,0.5,2.81,0.0,,0.3,20.62,1.0,2.0,2.75,Queens,Steinway,Boro Zone,Brooklyn,Williamsburg (North Side),Boro Zone
1,2023-01-03 21:17:54,2023-01-03 21:37:33,N,5.0,239,74,1.0,2.523,6.81,3.75,0.0,1.96,0.0,,0.3,12.82,1.0,2.0,0.0,Manhattan,Central Park,Yellow Zone,Manhattan,Morningside Heights,Boro Zone
2,2023-01-01 05:32:55,2023-01-01 06:10:42,Y,5.0,132,4,6.0,5.188,14.79,2.5,0.0,2.18,9.5,,0.3,31.77,1.0,2.0,2.5,Queens,LaGuardia Airport,Airports,Bronx,Allerton/Pelham Gardens,Boro Zone
1,2023-01-08 23:48:13,2023-01-09 00:04:08,Y,4.0,41,181,4.0,4.311,13.84,1.0,0.0,3.4,12.24,,0.3,33.28,1.0,2.0,2.5,Manhattan,Lincoln Square West,Yellow Zone,Brooklyn,Williamsburg (North Side),Boro Zone
1,2023-01-22 18:28:21,2023-01-22 18:47:19,Y,99.0,138,181,6.0,0.627,2.5,3.0,0.5,0.0,0.0,,0.3,9.05,2.0,2.0,2.75,Queens,JFK Airport,Airports,Brooklyn,Williamsburg (North Side),Boro Zone
2,2023-01-25 04:36:52,2023-01-25 04:42:52,Y,1.0,4,142,0.0,1.358,5.74,5.0,0.0,0.0,6.55,,0.3,17.59,2.0,1.0,0.0,Bronx,Allerton/Pelham Gardens,Boro Zone,Queens,Steinway,Boro Zone
1,2023-01-15 20:46:22,2023-01-15 20:58:31,N,5.0,138,181,9.0,1.571,6.02,3.0,0.0,0.0,9.5,,0.0,21.02,2.0,1.0,2.5,Queens,JFK Airport,Airports,Brooklyn,Williamsburg (North Side),Boro Zone
1,2023-01-13 08:46:32,2023-01-13 08:48:36,N,1.0,181,239,3.0,3.368,7.15,1.5,0.0,0.0,0.0,,0.3,11.45,2.0,1.0,2.5,Brooklyn,Williamsburg (North Side),Boro Zone,Manhattan,Central Park,Yellow Zone
1,2023-01-29 13:35:52,2023-01-29 13:57:19,Y,99.0,75,41,5.0,1.621,8.86,5.5,0.5,0.63,0.0,,0.0,18.24,1.0,1.0,2.75,Manhattan,Bloomingdale,Boro Zone,Manhattan,Lincoln Square West,Yellow Zone
2,2023-01-06 07:54:54,2023-01-06 08:02:37,N,5.0,74,263,2.0,5.424,12.57,2.0,0.5,0.0,9.5,,0.3,27.62,2.0,1.0,2.75,Manhattan,Morningside Heights,Boro Zone,Brooklyn,Greenpoint,Boro Zone
1,2023-01-23 04:22:25,2023-01-23 04:33:01,N,99.0,132,263,2.0,2.28,6.86,4.0,0.0,0.0,6.55,,0.0,17.41,2.0,1.0,0.0,Queens,LaGuardia Airport,Airports,Brooklyn,Greenpoint,Boro Zone
2,2023-01-20 19:52:16,2023-01-20 20:07:27,Y,5.0,263,4,4.0,0.337,3.38,3.75,0.5,1.19,0.0,,0.3,11.62,1.0,1.0,2.5,Brooklyn,Greenpoint,Boro Zone,Bronx,Allerton/Pelham Gardens,Boro Zone
2,2023-01-02 16:41:10,2023-01-02 17:14:05,N,4.0,239,4,9.0,1.582,10.07,2.0,0.0,0.0,5.76,,0.0,20.58,2.0,2.0,2.75,Manhattan,Central Park,Yellow Zone,Bronx,Allerton/Pelham Gardens,Boro Zone
2,2023-01-01 21:59:01,2023-01-01 22:20:23,Y,4.0,1,181,3.0,0.511,4.49,2.75,0.5,0.0,12.24,,0.3,22.78,2.0,1.0,2.5,Unknown,Unknown,Unknown,Brooklyn,Williamsburg (North Side),Boro Zone
2,2023-01-14 13:07:19,2023-01-14 13:29:19,Y,1.0,181,41,1.0,0.903,5.03,3.75,0.5,0.47,9.5,,0.0,19.25,1.0,2.0,0.0,Brooklyn,Williamsburg (North Side),Boro Zone,Manhattan,Lincoln Square West,Yellow Zone
2,2023-01-13 02:04:17,2023-01-13 02:07:11,Y,6.0,142,239,2.0,2.591,7.61,6.0,0.5,1.44,9.5,,0.0,27.55,1.0,2.0,2.5,Queens,Steinway,Boro Zone,Manhattan,Central Park,Yellow Zone
2,2023-01-06 04:37:05,2023-01-06 04:56:21,Y,1.0,41,75,6.0,2.531,7.81,3.75,0.5,2.83,0.0,,0.0,17.39,1.0,1.0,2.5,Manhattan,Lincoln Square West,Yellow Zone,Manhattan,Bloomingdale,Boro Zone
2,2023-01-23 03:42:22,2023-01-23 03:59:35,Y,2.0,263,138,3.0,4.337,13.62,3.0,0.5,0.0,0.0,,0.0,17.12,2.0,1.0,0.0,Brooklyn,Greenpoint,Boro Zone,Queens,JFK Airport,Airports
1,2023-01-31 18:11:39,2023-01-31 18:15:28,N,1.0,142,74,3.0,0.137,2.5,2.5,0.0,0.0,0.0,,0.0,5.0,2.0,2.0,0.0,Queens,Steinway,Boro Zone,Manhattan,Morningside Heights,Boro Zone
2,2023-01-09 14:14:48,2023-01-09 14:28:56,Y,6.0,132,138,2.0,3.876,9.86,0.5,0.0,0.0,0.0,,0.0,12.86,2.0,1.0,2.5,Queens,LaGuardia Airport,Airports,Queens,JFK Airport,Airports
1,2023-01-30 02:58:11,2023-01-30 03:33:48,N,5.0,1,138,9.0,1.286,6.86,5.5,0.0,0.0,9.5,,0.0,21.86,1.0,1.0,0.0,Unknown,Unknown,Unknown,Queens,JFK Airport,Airports
2,2023-01-01 10:05:21,2023-01-01 10:24:33,N,4.0,4,1,5.0,1.664,7.89,5.0,0.0,0.0,0.0,,0.0,15.39,1.0,1.0,2.5,Bronx,Allerton/Pelham Gardens,Boro Zone,Unknown,Unknown,Unknown
2,2023-01-13 17:41:40,2023-01-13 17:57:40,Y,99.0,181,263,4.0,0.582,2.5,1.25,0.0,0.0,6.55,,0.3,13.1,1.0,1.0,2.5,Brooklyn,Williamsburg (North Side),Boro Zone,Brooklyn,Greenpoint,Boro Zone
1,2023-01-27 16:32:18,2023-01-27 17:02:42,Y,4.0,1,263,1.0,4.114,14.1,3.0,0.0,4.58,0.0,,0.3,24.48,1.0,2.0,2.5,Unknown,Unknown,Unknown,Brooklyn,Greenpoint,Boro Zone
2,2023-01-18 09:13:45,2023-01-18 09:17:30,Y,99.0,142,75,9.0,4.018,15.25,5.0,0.0,2.34,17.0,,0.0,42.34,1.0,1.0,2.75,Queens,Steinway,Boro Zone,Manhattan,Bloomingdale,Boro Zone
1,2023-01-27 04:50:55,2023-01-27 04:54:00,Y,99.0,132,4,6.0,0.735,4.23,3.0,0.5,0.0,5.76,,0.3,16.29,2.0,1.0,2.5,Queens,LaGuardia Airport,Airports,Bronx,Allerton/Pelham Gardens,Boro Zone
1,2023-01-25 00:30:06,2023-01-25 01:14:53,N,1.0,1,132,4.0,5.124,13.24,0.5,0.0,0.0,5.76,,0.0,22.25,2.0,2.0,2.75,Unknown,Unknown,Unknown,Queens,LaGuardia Airport,Airports
1,2023-01-23 03:35:22,2023-01-23 04:20:06,N,6.0,239,181,6.0,1.713,7.82,4.0,0.0,2.31,17.0,,0.0,31.13,1.0,2.0,0.0,Manhattan,Central Park,Yellow Zone,Brooklyn,Williamsburg (North Side),Boro Zone
1,2023-01-16 19:40:08,2023-01-16 20:17:18,N,6.0,181,7,2.0,2.706,6.09,0.5,0.0,0.19,6.55,,0.0,16.08,1.0,1.0,2.75,Brooklyn,Williamsburg (North Side),Boro Zone,Queens,Steinway,Boro Zone
2,2023-01-03 23:48:37,2023-01-04 00:09:10,Y,3.0,142,4,2.0,2.903,6.64,4.0,0.5,0.0,6.55,,0.0,17.69,2.0,2.0,0.0,Queens,Steinway,Boro Zone,Bronx,Allerton/Pelham Gardens,Boro Zone
1,2023-01-09 15:46:53,2023-01-09 16:15:21,N,6.0,7,74,1.0,2.524,9.64,2.75,0.5,0.0,17.0,,0.3,30.19,2.0,1.0,0.0,Queens,Steinway,Boro Zone,Manhattan,Morningside Heights,Boro Zone
2,2023-01-17 10:08:17,2023-01-17 10:12:05,Y,5.0,181,7,1.0,0.294,3.18,1.25,0.0,0.64,5.76,,0.0,10.83,1.0,1.0,0.0,Brooklyn,Williamsburg (North Side),Boro Zone,Queens,Steinway,Boro Zone
2,2023-01-04 01:49:58,2023-01-04 02:33:39,Y,2.0,138,7,0.0,0.201,2.69,3.0,0.5,1.6,9.5,,0.0,19.79,1.0,2.0,2.5,Queens,JFK Airport,Airports,Queens,Steinway,Boro Zone
2,2023-01-17 07:53:42,2023-01-17 07:56:25,Y,5.0,239,181,5.0,2.425,6.71,0.5,0.0,4.83,0.0,,0.0,12.04,1.0,2.0,0.0,Manhattan,Central Park,Yellow Zone,Brooklyn,Williamsburg (North Side),Boro Zone
2,2023-01-07 12:01:12,2023-01-07 12:17:21,N,3.0,1,142,1.0,2.944,7.69,3.0,0.5,0.0,0.0,,0.0,13.69,1.0,2.0,2.5,Unknown,Unknown,Unknown,Queens,Steinway,Boro Zone
1,2023-01-31 06:37:59,2023-01-31 07:03:14,N,3.0,41,75,9.0,0.713,4.49,5.0,0.0,1.88,5.76,,0.0,17.13,1.0,2.0,0.0,Manhattan,Lincoln Square West,Yellow Zone,Manhattan,Bloomingdale,Boro Zone
2,2023-01-27 03:48:54,2023-01-27 04:00:18,Y,3.0,263,181,0.0,1.191,5.24,5.0,0.5,0.0,0.0,,0.3,11.04,1.0,1.0,0.0,Brooklyn,Greenpoint,Boro Zone,Brooklyn,Williamsburg (North Side),Boro Zone
1,2023-01-06 19:12:54,2023-01-06 19:19:40,Y,6.0,181,138,4.0,3.105,8.17,0.5,0.0,0.0,0.0,,0.0,11.42,2.0,2.0,2.75,Brooklyn,Williamsburg (North Side),Boro Zone,Queens,JFK Airport,Airports
1,2023-01-11 00:49:24,2023-01-11 01:07:45,Y,5.0,132,74,2.0,2.279,6.84,3.75,0.5,1.86,5.76,,0.0,21.46,1.0,2.0,2.75,Queens,LaGuardia Airport,Airports,Manhattan,Morningside Heights,Boro Zone
1,2023-01-03 09:09:28,2023-01-03 09:24:40,N,3.0,75,239,5.0,0.34,3.65,6.0,0.5,0.0,0.0,,0.3,12.95,2.0,2.0,2.5,Manhattan,Bloomingdale,Boro Zone,Manhattan,Central Park,Yellow Zone
1,2023-01-19 06:07:02,2023-01-19 06:29:19,Y,99.0,263,239,1.0,2.196,4.74,1.0,0.0,0.0,12.24,,0.0,20.48,2.0,2.0,2.5,Brooklyn,Greenpoint,Boro Zone,Manhattan,Central Park,Yellow Zone
2,2023-01-03 15:38:24,2023-01-03 15:51:02,Y,4.0,138,138,4.0,1.244,6.55,2.75,0.5,0.2,5.76,,0.0,15.76,1.0,2.0,0.0,Queens,JFK Airport,Airports,Queens,JFK Airport,Airports
1,2023-01-16 13:30:13,2023-01-16 14:13:44,Y,99.0,132,142,5.0,1.518,5.23,1.0,0.0,0.0,17.0,,0.0,25.73,2.0,1.0,2.5,Queens,LaGuardia Airport,Airports,Queens,Steinway,Boro Zone
2,2023-01-03 08:47:31,2023-01-03 08:51:39,Y,1.0,74,239,6.0,0.219,2.5,5.5,0.5,0.0,0.0,,0.0,8.5,2.0,1.0,0.0,Manhattan,Morningside Heights,Boro Zone,Manhattan,Central Park,Yellow Zone
1,2023-01-05 08:52:19,2023-01-05 09:07:07,Y,99.0,239,41,3.0,3.088,10.12,1.0,0.0,1.87,5.76,,0.3,21.55,1.0,2.0,2.5,Manhattan,Central Park,Yellow Zone,Manhattan,Lincoln Square West,Yellow Zone
1,2023-01-10 18:09:41,2023-01-10 18:19:30,Y,6.0,181,41,9.0,0.601,2.5,5.0,0.0,1.47,0.0,,0.0,11.47,1.0,1.0,2.5,Brooklyn,Williamsburg (North Side),Boro Zone,Manhattan,Lincoln Square West,Yellow Zone
1,2023-01-27 22:12:21,2023-01-27 22:15:43,N,99.0,7,75,6.0,0.499,2.5,2.75,0.0,0.0,0.0,,0.3,8.3,2.0,1.0,2.75,Queens,Steinway,Boro Zone,Manhattan,Bloomingdale,Boro Zone
1,2023-01-10 00:50:41,2023-01-10 01:15:10,N,3.0,181,263,9.0,3.763,7.33,6.0,0.0,0.0,0.0,,0.0,16.08,1.0,2.0,2.75,Brooklyn,Williamsburg (North Side),Boro Zone,Brooklyn,Greenpoint,Boro Zone
2,2023-01-15 19:43:37,2023-01-15 20:15:33,Y,1.0,263,138,4.0,3.333,5.66,2.5,0.0,0.1,12.24,,0.3,20.8,1.0,1.0,0.0,Brooklyn,Greenpoint,Boro Zone,Queens,JFK Airport,Airports
2,2023-01-27 10:29:06,2023-01-27 11:10:59,N,5.0,7,1,9.0,4.384,11.48,2.0,0.5,1.37,6.55,,0.3,24.7,1.0,1.0,2.5,Queens,Steinway,Boro Zone,Unknown,Unknown,Unknown
1,2023-01-20 06:25:42,2023-01-20 06:59:14,Y,99.0,239,75,4.0,1.486,5.71,0.0,0.5,4.56,5.76,,0.3,19.58,1.0,1.0,2.75,Manhattan,Central Park,Yellow Zone,Manhattan,Bloomingdale,Boro Zone
1,2023-01-31 06:36:44,2023-01-31 06:52:19,N,5.0,75,1,0.0,0.273,2.5,5.0,0.0,0.0,0.0,,0.3,10.3,1.0,1.0,2.5,Manhattan,Bloomingdale,Boro Zone,Unknown,Unknown,Unknown
2,2023-01-05 12:55:36,2023-01-05 12:57:46,N,5.0,4,142,0.0,0.43,3.65,4.0,0.5,0.4,0.0,,0.0,11.3,1.0,2.0,2.75,Bronx,Allerton/Pelham Gardens,Boro Zone,Queens,Steinway,Boro Zone
1,2023-01-03 16:56:22,2023-01-03 17:03:56,N,1.0,7,1,1.0,2.858,10.32,0.0,0.0,0.0,5.76,,0.0,16.08,2.0,1.0,0.0,Queens,Steinway,Boro Zone,Unknown,Unknown,Unknown
1,2023-01-21 18:24:51,2023-01-21 19:08:02,Y,3.0,239,4,2.0,1.411,7.07,6.0,0.5,3.72,17.0,,0.0,34.29,1.0,1.0,0.0,Manhattan,Central Park,Yellow Zone,Bronx,Allerton/Pelham Gardens,Boro Zone
2,2023-01-04 09:38:14,2023-01-04 09:53:22,Y,3.0,74,138,6.0,2.668,7.19,3.5,0.0,0.0,9.5,,0.3,22.99,2.0,1.0,2.5,Manhattan,Morningside Heights,Boro Zone,Queens,JFK Airport,Airports
2,2023-01-02 04:56:51,2023-01-02 05:16:00,N,6.0,142,138,5.0,1.221,4.6,1.0,0.5,0.99,9.5,,0.0,19.34,1.0,2.0,2.75,Queens,Steinway,Boro Zone,Queens,JFK Airport,Airports
2,2023-01-13 11:36:00,2023-01-13 12:13:30,Y,2.0,132,1,0.0,6.637,15.32,4.0,0.5,0.0,9.5,,0.0,29.32,2.0,1.0,0.0,Queens,LaGuardia Airport,Airports,Unknown,Unknown,Unknown
1,2023-01-12 11:24:29,2023-01-12 11:29:03,N,2.0,132,239,5.0,0.283,2.61,4.0,0.0,0.0,6.55,,0.0,15.66,2.0,1.0,2.5,Queens,LaGuardia Airport,Airports,Manhattan,Central Park,Yellow Zone
2,2023-01-21 22:36:17,2023-01-21 22:41:41,N,1.0,138,41,4.0,2.006,6.41,1.25,0.0,0.0,5.76,,0.0,15.92,2.0,1.0,2.5,Queens,JFK Airport,Airports,Manhattan,Lincoln Square West,Yellow Zone
1,2023-01-01 02:12:47,2023-01-01 02:46:14,N,4.0,239,181,6.0,2.316,4.17,1.0,0.5,0.0,0.0,,0.3,8.47,2.0,2.0,2.5,Manhattan,Central Park,Yellow Zone,Brooklyn,Williamsburg (North Side),Boro Zone
1,2023-01-21 07:48:44,2023-01-21 07:56:15,Y,4.0,239,239,1.0,3.172,6.92,5.0,0.0,0.0,5.76,,0.3,17.98,2.0,2.0,0.0,Manhattan,Central Park,Yellow Zone,Manhattan,Central Park,Yellow Zone
2,2023-01-27 20:44:06,2023-01-27 21:04:36,Y,4.0,263,132,2.0,0.96,4.33,4.0,0.0,0.0,0.0,,0.0,10.83,2.0,1.0,2.5,Brooklyn,Greenpoint,Boro Zone,Queens,LaGuardia Airport,Airports
1,2023-01-18 06:20:33,2023-01-18 06:53:28,N,2.0,132,142,0.0,1.123,2.5,0.5,0.5,0.0,0.0,,0.0,3.5,2.0,2.0,0.0,Queens,LaGuardia Airport,Airports,Queens,Steinway,Boro Zone
2,2023-01-21 10:25:24,2023-01-21 10:35:51,Y,1.0,263,239,0.0,1.096,4.24,2.5,0.5,0.0,17.0,,0.0,24.24,2.0,1.0,0.0,Brooklyn,Greenpoint,Boro Zone,Manhattan,Central Park,Yellow Zone
2,2023-01-11 12:41:51,2023-01-11 13:15:54,N,2.0,181,239,1.0,0.19,3.82,0.0,0.0,0.0,5.76,,0.0,12.33,2.0,1.0,2.75,Brooklyn,Williamsburg (North Side),Boro Zone,Manhattan,Central Park,Yellow Zone
2,2023-01-30 07:22:27,2023-01-30 07:53:18,N,4.0,7,263,9.0,3.911,10.96,6.0,0.5,0.0,0.0,,0.0,20.21,2.0,1.0,2.75,Queens,Steinway,Boro Zone,Brooklyn,Greenpoint,Boro Zone
2,2023-01-06 01:01:24,2023-01-06 01:37:30,Y,4.0,1,41,0.0,1.299,9.15,1.5,0.5,2.69,12.24,,0.3,28.88,1.0,2.0,2.5,Unknown,Unknown,Unknown,Manhattan,Lincoln Square West,Yellow Zone
1,2023-01-15 08:53:17,2023-01-15 08:56:43,Y,1.0,4,263,5.0,3.572,11.7,5.0,0.5,1.18,6.55,,0.0,27.68,1.0,2.0,2.75,Bronx,Allerton/Pelham Gardens,Boro Zone,Brooklyn,Greenpoint,Boro Zone
2,2023-01-27 01:23:21,2023-01-27 01:48:18,Y,4.0,181,74,4.0,3.024,6.76,0.5,0.5,0.99,6.55,,0.0,18.05,1.0,1.0,2.75,Brooklyn,Williamsburg (North Side),Boro Zone,Manhattan,Morningside Heights,Boro Zone
1,2023-01-18 22:55:30,2023-01-18 23:07:50,Y,99.0,132,74,3.0,3.243,7.2,1.0,0.0,0.0,5.76,,0.3,14.26,2.0,1.0,0.0,Queens,LaGuardia Airport,Airports,Manhattan,Morningside Heights,Boro Zone
2,2023-01-16 14:30:07,2023-01-16 14:49:46,N,6.0,4,181,1.0,2.128,7.42,0.5,0.5,0.0,6.55,,0.3,18.02,2.0,2.0,2.75,Bronx,Allerton/Pelham Gardens,Boro Zone,Brooklyn,Williamsburg (North Side),Boro Zone
1,2023-01-23 23:39:17,2023-01-24 00:22:37,N,1.0,4,7,6.0,4.371,11.68,1.0,0.0,0.66,0.0,,0.0,13.34,1.0,2.0,0.0,Bronx,Allerton/Pelham Gardens,Boro Zone,Queens,Steinway,Boro Zone
2,2023-01-15 09:38:09,2023-01-15 10:08:41,N,4.0,74,1,9.0,2.041,7.96,3.5,0.5,0.0,0.0,,0.0,11.96,2.0,2.0,0.0,Manhattan,Morningside Heights,Boro Zone,Unknown,Unknown,Unknown
2,2023-01-17 15:34:14,2023-01-17 16:09:21,Y,4.0,7,41,5.0,2.698,9.09,4.0,0.0,0.0,12.24,,0.0,28.08,2.0,2.0,2.75,Queens,Steinway,Boro Zone,Manhattan,Lincoln Square West,Yellow Zone
2,2023-01-13 05:14:35,2023-01-13 05:38:58,N,3.0,138,181,4.0,2.146,7.18,5.5,0.5,0.53,17.0,,0.0,30.71,1.0,2.0,0.0,Queens,JFK Airport,Airports,Brooklyn,Williamsburg (North Side),Boro Zone
2,2023-01-20 08:57:59,2023-01-20 09:16:03,N,6.0,138,181,6.0,2.532,3.91,3.5,0.0,0.87,12.24,,0.0,23.02,1.0,2.0,2.5,Queens,JFK Airport,Airports,Brooklyn,Williamsburg (North Side),Boro Zone
2,2023-01-19 18:20:19,2023-01-19 18:33:10,Y,5.0,75,75,2.0,3.424,11.09,0.5,0.5,0.05,5.76,,0.3,18.2,1.0,1.0,0.0,Manhattan,Bloomingdale,Boro Zone,Manhattan,Bloomingdale,Boro Zone
1,2023-01-08 06:44:45,2023-01-08 07:17:52,Y,1.0,4,263,9.0,1.002,6.0,0.0,0.5,0.0,0.0,,0.0,9.0,2.0,2.0,2.5,Bronx,Allerton/Pelham Gardens,Boro Zone,Brooklyn,Greenpoint,Boro Zone
1,2023-01-21 03:04:40,2023-01-21 03:07:54,Y,2.0,74,142,5.0,0.838,3.69,2.75,0.5,0.0,9.5,,0.0,18.94,2.0,2.0,2.5,Manhattan,Morningside Heights,Boro Zone,Queens,Steinway,Boro Zone
1,2023-01-11 22:08:13,2023-01-11 22:50:53,N,1.0,142,132,6.0,1.749,5.96,0.0,0.0,1.76,12.24,,0.0,19.96,1.0,1.0,0.0,Queens,Steinway,Boro Zone,Queens,LaGuardia Airport,Airports
2,2023-01-12 14:39:31,2023-01-12 14:52:57,Y,99.0,142,1,0.0,2.303,7.51,2.75,0.0,1.19,6.55,,0.0,20.75,1.0,1.0,2.75,Queens,Steinway,Boro Zone,Unknown,Unknown,Unknown
2,2023-01-15 08:32:31,2023-01-15 09:07:41,N,4.0,142,132,6.0,3.693,8.64,5.5,0.5,1.6,17.0,,0.3,36.04,1.0,2.0,2.5,Queens,Steinway,Boro Zone,Queens,LaGuardia Airport,Airports
2,2023-01-22 16:28:42,2023-01-22 16:44:41,Y,1.0,239,7,5.0,0.194,2.5,3.0,0.5,0.0,5.76,,0.3,14.81,1.0,2.0,2.75,Manhattan,Central Park,Yellow Zone,Queens,Steinway,Boro Zone
2,2023-01-11 04:25:03,2023-01-11 04:47:37,N,99.0,1,263,4.0,1.603,3.89,1.5,0.5,2.29,12.24,,0.0,20.42,1.0,1.0,0.0,Unknown,Unknown,Unknown,Brooklyn,Greenpoint,Boro Zone
2,2023-01-31 18:38:03,2023-01-31 19:20:49,Y,6.0,263,138,0.0,3.708,8.69,3.75,0.5,0.0,6.55,,0.3,22.29,2.0,2.0,2.5,Brooklyn,Greenpoint,Boro Zone,Queens,JFK Airport,Airports
1,2023-01-11 00:36:23,2023-01-11 01:18:08,Y,3.0,132,4,3.0,3.393,11.05,3.75,0.5,0.0,0.0,,0.3,18.35,2.0,1.0,2.75,Queens,LaGuardia Airport,Airports,Bronx,Allerton/Pelham Gardens,Boro Zone
1,2023-01-06 05:19:17,2023-01-06 05:42:59,N,1.0,75,7,9.0,2.73,5.38,1.0,0.5,0.0,6.55,,0.0,16.18,2.0,1.0,2.75,Manhattan,Bloomingdale,Boro Zone,Queens,Steinway,Boro Zone
1,2023-01-26 22:34:41,2023-01-26 23:05:01,N,4.0,41,132,5.0,3.663,10.69,2.0,0.5,0.0,12.24,,0.3,28.23,1.0,2.0,2.5,Manhattan,Lincoln Square West,Yellow Zone,Queens,LaGuardia Airport,Airports
1,2023-01-30 04:01:47,2023-01-30 04:16:08,N,2.0,74,75,1.0,2.128,10.21,5.5,0.5,3.14,17.0,,0.3,39.15,1.0,1.0,2.5,Manhattan,Morningside Heights,Boro Zone,Manhattan,Bloomingdale,Boro Zone
2,2023-01-31 10:35:46,2023-01-31 10:56:08,N,5.0,132,74,9.0,3.556,10.18,1.0,0.5,0.0,12.24,,0.0,23.92,2.0,2.0,0.0,Queens,LaGuardia Airport,Airports,Manhattan,Morningside Heights,Boro Zone
2,2023-01-10 05:05:28,2023-01-10 05:44:14,Y,1.0,239,74,9.0,2.571,5.83,1.5,0.0,2.12,17.0,,0.0,29.2,1.0,2.0,2.75,Manhattan,Central Park,Yellow Zone,Manhattan,Morningside Heights,Boro Zone
2,2023-01-30 18:38:56,2023-01-30 18:44:35,N,4.0,41,7,6.0,0.532,3.93,2.75,0.5,0.29,0.0,,0.0,7.47,1.0,2.0,0.0,Manhattan,Lincoln Square West,Yellow Zone,Queens,Steinway,Boro Zone
1,2023-01-19 23:48:40,2023-01-20 00:00:00,Y,6.0,74,239,0.0,3.496,11.66,3.75,0.0,0.0,0.0,,0.0,18.16,2.0,2.0,2.75,Manhattan,Morningside Heights,Boro Zone,Manhattan,Central Park,Yellow Zone
2,2023-01-20 02:15:29,2023-01-20 02:58:16,N,2.0,263,132,1.0,2.7,10.08,5.5,0.0,0.0,9.5,,0.3,27.88,2.0,2.0,2.5,Brooklyn,Greenpoint,Boro Zone,Queens,LaGuardia Airport,Airports
1,2023-01-20 11:07:21,2023-01-20 11:35:18,N,4.0,75,138,5.0,0.41,2.5,5.0,0.0,0.22,0.0,,0.0,10.22,1.0,1.0,2.5,Manhattan,Bloomingdale,Boro Zone,Queens,JFK Airport,Airports
1,2023-01-05 19:49:38,2023-01-05 20:28:35,Y,6.0,132,142,0.0,4.4,10.07,3.5,0.0,0.0,5.76,,0.0,21.83,1.0,2.0,2.5,Queens,LaGuardia Airport,Airports,Queens,Steinway,Boro Zone
1,2023-01-07 06:43:21,2023-01-07 07:09:14,Y,6.0,181,263,1.0,0.858,6.4,3.75,0.0,0.34,6.55,,0.0,19.79,1.0,2.0,2.75,Brooklyn,Williamsburg (North Side),Boro Zone,Brooklyn,Greenpoint,Boro Zone
1,2023-01-16 11:48:06,2023-01-16 11:56:09,N,4.0,1,1,2.0,0.3,2.5,1.25,0.0,0.83,0.0,,0.3,7.38,1.0,2.0,2.5,Unknown,Unknown,Unknown,Unknown,Unknown,Unknown
1,2023-01-06 15:04:35,2023-01-06 15:30:08,N,99.0,75,1,1.0,5.091,15.03,3.0,0.0,2.24,5.76,,0.3,26.33,1.0,2.0,0.0,Manhattan,Bloomingdale,Boro Zone,Unknown,Unknown,Unknown
1,2023-01-28 22:46:42,2023-01-28 23:10:05,N,99.0,75,138,3.0,4.562,13.3,2.0,0.5,1.02,9.5,,0.3,26.62,1.0,2.0,0.0,Manhattan,Bloomingdale,Boro Zone,Queens,JFK Airport,Airports
2,2023-01-27 07:09:18,2023-01-27 07:46:36,N,2.0,239,4,0.0,0.145,2.5,0.0,0.0,0.0,12.24,,0.0,17.49,2.0,1.0,2.75,Manhattan,Central Park,Yellow Zone,Bronx,Allerton/Pelham Gardens,Boro Zone
1,2023-01-08 15:46:56,2023-01-08 16:21:13,Y,3.0,74,41,3.0,1.151,4.55,2.75,0.5,0.97,5.76,,0.3,17.33,1.0,1.0,2.5,Manhattan,Morningside Heights,Boro Zone,Manhattan,Lincoln Square West,Yellow Zone
2,2023-01-18 09:06:24,2023-01-18 09:13:27,N,99.0,132,132,5.0,3.238,6.98,2.5,0.0,1.02,12.24,,0.0,22.74,1.0,1.0,0.0,Queens,LaGuardia Airport,Airports,Queens,LaGuardia Airport,Airports
1,2023-01-08 10:05:47,2023-01-08 10:18:25,N,3.0,239,263,9.0,5.592,16.0,3.5,0.5,0.0,0.0,,0.0,22.5,2.0,1.0,2.5,Manhattan,Central Park,Yellow Zone,Brooklyn,Greenpoint,Boro Zone
2,2023-01-06 23:29:55,2023-01-06 23:41:44,N,3.0,74,138,6.0,3.121,7.46,4.0,0.5,0.33,9.5,,0.3,24.84,1.0,1.0,2.75,Manhattan,Morningside Heights,Boro Zone,Queens,JFK Airport,Airports
1,2023-01-25 21:17:04,2023-01-25 21:37:45,Y,1.0,1,41,6.0,3.589,9.06,6.0,0.5,0.0,6.55,,0.3,22.41,2.0,2.0,0.0,Unknown,Unknown,Unknown,Manhattan,Lincoln Square West,Yellow Zone
1,2023-01-07 19:05:00,2023-01-07 19:43:19,N,4.0,132,7,1.0,3.152,8.52,6.0,0.5,3.36,6.55,,0.3,25.23,1.0,2.0,0.0,Queens,LaGuardia Airport,Airports,Queens,Steinway,Boro Zone
1,2023-01-16 11:22:01,2023-01-16 11:27:39,Y,6.0,7,132,5.0,1.706,4.41,3.0,0.0,1.19,5.76,,0.3,17.41,1.0,2.0,2.75,Queens,Steinway,Boro Zone,Queens,LaGuardia Airport,Airports
2,2023-01-30 18:12:45,2023-01-30 18:38:28,Y,99.0,181,7,0.0,2.419,5.91,0.0,0.0,0.0,9.5,,0.3,18.21,1.0,1.0,2.5,Brooklyn,Williamsburg (North Side),Boro Zone,Queens,Steinway,Boro Zone
1,2023-01-26 23:40:39,2023-01-26 23:51:54,N,3.0,181,181,0.0,0.275,2.5,3.0,0.0,0.0,0.0,,0.3,8.3,1.0,1.0,2.5,Brooklyn,Williamsburg (North Side),Boro Zone,Brooklyn,Williamsburg (North Side),Boro Zone
2,2023-01-08 14:46:43,2023-01-08 15:06:40,Y,99.0,263,263,9.0,2.175,3.93,2.75,0.5,1.77,0.0,,0.0,11.45,1.0,1.0,2.5,Brooklyn,Greenpoint,Boro Zone,Brooklyn,Greenpoint,Boro Zone
1,2023-01-19 13:25:46,2023-01-19 13:33:51,Y,99.0,7,41,1.0,2.645,7.92,5.0,0.5,0.0,12.24,,0.0,28.41,2.0,2.0,2.75,Queens,Steinway,Boro Zone,Manhattan,Lincoln Square West,Yellow Zone
1,2023-01-15 21:31:27,2023-01-15 21:39:47,N,3.0,41,7,9.0,2.003,5.6,4.0,0.5,0.68,17.0,,0.3,28.08,1.0,1.0,0.0,Manhattan,Lincoln Square West,Yellow Zone,Queens,Steinway,Boro Zone
2,2023-01-03 21:58:44,2023-01-03 22:17:48,N,5.0,138,138,5.0,6.44,13.71,4.0,0.0,0.0,17.0,,0.0,34.71,2.0,1.0,0.0,Queens,JFK Airport,Airports,Queens,JFK Airport,Airports
2,2023-01-19 12:23:12,2023-01-19 12:44:02,Y,3.0,138,7,3.0,3.221,9.06,1.25,0.0,0.0,0.0,,0.3,10.61,2.0,1.0,0.0,Queens,JFK Airport,Airports,Queens,Steinway,Boro Zone
1,2023-01-20 19:08:44,2023-01-20 19:51:16,N,1.0,41,4,1.0,2.826,7.51,5.0,0.5,0.31,0.0,,0.3,16.37,1.0,2.0,2.75,Manhattan,Lincoln Square West,Yellow Zone,Bronx,Allerton/Pelham Gardens,Boro Zone
1,2023-01-02 11:55:50,2023-01-02 12:19:44,N,99.0,263,132,9.0,2.874,8.3,6.0,0.0,1.89,6.55,,0.0,25.49,1.0,1.0,2.75,Brooklyn,Greenpoint,Boro Zone,Queens,LaGuardia Airport,Airports
2,2023-01-15 04:40:08,2023-01-15 05:20:29,N,4.0,74,263,3.0,3.448,12.66,1.5,0.5,0.0,9.5,,0.3,26.96,2.0,1.0,2.5,Manhattan,Morningside Heights,Boro Zone,Brooklyn,Greenpoint,Boro Zone
2,2023-01-15 13:21:09,2023-01-15 13:56:09,N,6.0,138,132,3.0,3.893,8.64,1.25,0.0,0.0,9.5,,0.3,22.44,2.0,1.0,2.75,Queens,JFK Airport,Airports,Queens,LaGuardia Airport,Airports
1,2023-01-19 04:39:11,2023-01-19 04:42:20,N,6.0,263,41,1.0,1.808,2.57,5.0,0.5,0.0,6.55,,0.3,17.67,2.0,2.0,2.75,Brooklyn,Greenpoint,Boro Zone,Manhattan,Lincoln Square West,Yellow Zone
1,2023-01-13 22:31:02,2023-01-13 22:54:13,Y,4.0,132,142,2.0,0.382,3.3,0.0,0.0,0.0,5.76,,0.0,11.56,1.0,2.0,2.5,Queens,LaGuardia Airport,Airports,Queens,Steinway,Boro Zone
1,2023-01-26 02:02:34,2023-01-26 02:14:08,Y,6.0,138,132,4.0,1.037,3.38,1.25,0.0,2.88,5.76,,0.3,16.07,1.0,1.0,2.5,Queens,JFK Airport,Airports,Queens,LaGuardia Airport,Airports
2,2023-01-11 00:18:59,2023-01-11 00:42:13,Y,5.0,4,41,4.0,2.694,8.37,4.0,0.0,0.0,9.5,,0.3,24.67,2.0,2.0,2.5,Bronx,Allerton/Pelham Gardens,Boro Zone,Manhattan,Lincoln Square West,Yellow Zone
1,2023-01-25 05:00:35,2023-01-25 05:29:48,N,2.0,142,181,9.0,1.746,5.55,5.5,0.0,0.0,0.0,,0.3,14.1,1.0,1.0,2.75,Queens,Steinway,Boro Zone,Brooklyn,Williamsburg (North Side),Boro Zone
1,2023-01-27 06:03:05,2023-01-27 06:06:29,Y,2.0,4,142,2.0,1.717,4.89,4.0,0.0,0.0,5.76,,0.3,14.95,2.0,2.0,0.0,Bronx,Allerton/Pelham Gardens,Boro Zone,Queens,Steinway,Boro Zone
1,2023-01-31 14:44:48,2023-01-31 15:28:39,Y,5.0,74,7,4.0,1.267,6.85,0.0,0.5,0.39,12.24,,0.3,23.03,1.0,1.0,2.75,Manhattan,Morningside Heights,Boro Zone,Queens,Steinway,Boro Zone
1,2023-01-11 23:56:02,2023-01-12 00:02:52,N,4.0,263,4,5.0,4.267,10.24,0.5,0.5,0.77,17.0,,0.0,29.01,1.0,1.0,0.0,Brooklyn,Greenpoint,Boro Zone,Bronx,Allerton/Pelham Gardens,Boro Zone
2,2023-01-02 10:06:15,2023-01-02 10:35:55,Y,3.0,75,1,3.0,5.572,15.26,6.0,0.0,0.0,12.24,,0.3,36.3,2.0,2.0,2.5,Manhattan,Bloomingdale,Boro Zone,Unknown,Unknown,Unknown
2,2023-01-05 19:10:00,2023-01-05 19:26:47,Y,1.0,239,263,5.0,2.288,8.51,2.75,0.0,0.0,5.76,,0.0,17.02,2.0,2.0,0.0,Manhattan,Central Park,Yellow Zone,Brooklyn,Greenpoint,Boro Zone
2,2023-01-30 03:51:47,2023-01-30 03:58:58,N,1.0,7,4,5.0,2.884,6.59,3.0,0.5,0.0,6.55,,0.3,16.94,2.0,1.0,0.0,Queens,Steinway,Boro Zone,Bronx,Allerton/Pelham Gardens,Boro Zone
1,2023-01-27 17:01:37,2023-01-27 17:46:16,Y,2.0,239,75,0.0,6.779,16.33,3.75,0.0,1.02,12.24,,0.0,36.09,1.0,2.0,2.75,Manhattan,Central Park,Yellow Zone,Manhattan,Bloomingdale,Boro Zone
2,2023-01-04 03:55:49,2023-01-04 04:16:20,Y,6.0,41,74,2.0,2.962,8.94,0.0,0.5,0.53,12.24,,0.3,22.51,1.0,1.0,0.0,Manhattan,Lincoln Square West,Yellow Zone,Manhattan,Morningside Heights,Boro Zone
2,2023-01-17 09:23:27,2023-01-17 09:26:11,Y,5.0,263,7,3.0,0.288,3.72,6.0,0.5,0.0,9.5,,0.3,22.52,2.0,2.0,2.5,Brooklyn,Greenpoint,Boro Zone,Queens,Steinway,Boro Zone
1,2023-01-15 10:18:33,2023-01-15 10:51:31,N,6.0,7,4,1.0,4.337,15.06,3.0,0.0,1.51,0.0,,0.0,22.32,1.0,1.0,2.75,Queens,Steinway,Boro Zone,Bronx,Allerton/Pelham Gardens,Boro Zone
1,2023-01-07 00:12:45,2023-01-07 00:19:19,N,99.0,132,41,4.0,3.206,9.42,3.5,0.0,0.0,5.76,,0.3,21.48,2.0,2.0,2.5,Queens,LaGuardia Airport,Airports,Manhattan,Lincoln Square West,Yellow Zone
2,2023-01-12 21:25:57,2023-01-12 21:33:15,Y,5.0,132,138,3.0,1.668,6.25,1.0,0.5,2.04,0.0,,0.3,12.84,1.0,2.0,2.75,Queens,LaGuardia Airport,Airports,Queens,JFK Airport,Airports
2,2023-01-19 17:03:16,2023-01-19 17:28:49,Y,5.0,142,75,2.0,2.442,7.55,0.5,0.0,0.0,9.5,,0.0,20.3,2.0,1.0,2.75,Queens,Steinway,Boro Zone,Manhattan,Bloomingdale,Boro Zone
2,2023-01-10 21:47:27,2023-01-10 22:09:54,Y,4.0,239,74,2.0,1.182,4.25,1.0,0.0,0.0,0.0,,0.0,8.0,2.0,1.0,2.75,Manhattan,Central Park,Yellow Zone,Manhattan,Morningside Heights,Boro Zone
1,2023-01-21 13:18:42,2023-01-21 13:38:39,N,6.0,7,7,1.0,0.144,5.81,1.5,0.0,2.37,17.0,,0.3,26.98,1.0,2.0,0.0,Queens,Steinway,Boro Zone,Queens,Steinway,Boro Zone
1,2023-01-30 00:47:06,2023-01-30 01:18:20,Y,1.0,7,1,4.0,1.423,4.61,3.5,0.0,0.0,0.0,,0.0,10.61,2.0,2.0,2.5,Queens,Steinway,Boro Zone,Unknown,Unknown,Unknown
2,2023-01-16 04:07:55,2023-01-16 04:48:00,Y,5.0,75,75,5.0,2.735,7.37,5.0,0.5,1.89,17.0,,0.3,32.06,1.0,2.0,0.0,Manhattan,Bloomingdale,Boro Zone,Manhattan,Bloomingdale,Boro Zone
2,2023-01-21 03:28:54,2023-01-21 03:52:56,N,99.0,142,181,5.0,2.427,10.26,1.0,0.5,0.0,9.5,,0.3,24.06,2.0,2.0,2.5,Queens,Steinway,Boro Zone,Brooklyn,Williamsburg (North Side),Boro Zone
1,2023-01-02 07:19:42,2023-01-02 07:42:16,Y,6.0,138,132,1.0,1.294,7.25,5.5,0.5,2.17,5.76,,0.0,23.93,1.0,2.0,2.75,Queens,JFK Airport,Airports,Queens,LaGuardia Airport,Airports
1,2023-01-21 09:01:02,2023-01-21 09:20:52,Y,1.0,132,74,0.0,3.401,9.71,5.5,0.5,0.0,12.24,,0.0,27.95,2.0,2.0,0.0,Queens,LaGuardia Airport,Airports,Manhattan,Morningside Heights,Boro Zone
2,2023-01-07 17:58:18,2023-01-07 18:26:51,N,2.0,132,75,4.0,3.371,6.68,1.0,0.5,0.0,5.76,,0.0,16.44,2.0,1.0,2.5,Queens,LaGuardia Airport,Airports,Manhattan,Bloomingdale,Boro Zone
1,2023-01-26 17:40:50,2023-01-26 18:01:19,Y,4.0,181,75,2.0,1.899,6.15,1.0,0.0,3.04,0.0,,0.3,12.99,1.0,1.0,2.5,Brooklyn,Williamsburg (North Side),Boro Zone,Manhattan,Bloomingdale,Boro Zone
1,2023-01-02 14:45:44,2023-01-02 15:27:07,N,3.0,41,41,3.0,2.899,7.25,0.0,0.0,0.0,9.5,,0.3,19.55,2.0,2.0,2.5,Manhattan,Lincoln Square West,Yellow Zone,Manhattan,Lincoln Square West,Yellow Zone
2,2023-01-31 12:25:22,2023-01-31 12:30:03,Y,6.0,1,132,4.0,3.718,10.68,5.5,0.5,0.0,6.55,,0.0,25.73,2.0,2.0,2.5,Unknown,Unknown,Unknown,Queens,LaGuardia Airport,Airports
1,2023-01-13 11:09:01,2023-01-13 11:19:59,N,4.0,1,41,3.0,3.225,12.3,3.0,0.5,0.0,0.0,,0.3,18.6,2.0,2.0,2.5,Unknown,Unknown,Unknown,Manhattan,Lincoln Square West,Yellow Zone
1,2023-01-31 23:49:07,2023-02-01 00:05:02,N,2.0,7,1,3.0,2.861,10.98,0.5,0.5,0.0,17.0,,0.0,28.98,1.0,1.0,0.0,Queens,Steinway,Boro Zone,Unknown,Unknown,Unknown
1,2023-01-16 17:04:13,2023-01-16 17:17:05,Y,4.0,75,1,5.0,3.151,7.22,4.0,0.0,0.0,9.5,,0.3,23.77,2.0,2.0,2.75,Manhattan,Bloomingdale,Boro Zone,Unknown,Unknown,Unknown
1,2023-01-09 17:21:44,2023-01-09 17:27:42,N,1.0,41,74,3.0,0.278,4.48,0.0,0.0,3.24,0.0,,0.0,7.72,1.0,1.0,0.0,Manhattan,Lincoln Square West,Yellow Zone,Manhattan,Morningside Heights,Boro Zone
2,2023-01-10 22:09:02,2023-01-10 22:26:30,Y,5.0,1,181,6.0,1.291,6.28,3.5,0.0,1.05,5.76,,0.3,16.89,1.0,2.0,0.0,Unknown,Unknown,Unknown,Brooklyn,Williamsburg (North Side),Boro Zone
2,2023-01-09 04:04:20,2023-01-09 04:25:56,Y,2.0,138,132,6.0,4.291,9.69,3.5,0.0,0.0,6.55,,0.0,22.49,2.0,1.0,2.75,Queens,JFK Airport,Airports,Queens,LaGuardia Airport,Airports
2,2023-01-23 05:27:24,2023-01-23 05:37:27,N,5.0,75,4,1.0,2.629,6.98,1.25,0.5,1.41,9.5,,0.3,19.94,1.0,1.0,0.0,Manhattan,Bloomingdale,Boro Zone,Bronx,Allerton/Pelham Gardens,Boro Zone
2,2023-01-02 06:35:55,2023-01-02 06:52:35,Y,5.0,181,132,1.0,0.424,2.65,1.0,0.5,2.82,9.5,,0.0,19.22,1.0,1.0,2.75,Brooklyn,Williamsburg (North Side),Boro Zone,Queens,LaGuardia Airport,Airports
1,2023-01-25 03:01:48,2023-01-25 03:07:42,Y,99.0,181,263,6.0,4.567,10.19,3.0,0.5,0.0,9.5,,0.3,23.49,2.0,1.0,0.0,Brooklyn,Williamsburg (North Side),Boro Zone,Brooklyn,Greenpoint,Boro Zone
2,2023-01-31 16:43:55,2023-01-31 16:48:16,Y,4.0,142,75,2.0,2.254,5.66,1.5,0.5,0.0,0.0,,0.0,7.66,2.0,2.0,0.0,Queens,Steinway,Boro Zone,Manhattan,Bloomingdale,Boro Zone
1,2023-01-22 08:49:58,2023-01-22 09:31:58,Y,5.0,263,7,1.0,0.524,2.61,3.0,0.0,0.0,9.5,,0.3,18.16,1.0,2.0,2.75,Brooklyn,Greenpoint,Boro Zone,Queens,Steinway,Boro Zone
1,2023-01-25 03:01:44,2023-01-25 03:21:00,Y,4.0,75,263,4.0,2.391,6.58,1.5,0.5,0.0,0.0,,0.3,11.63,2.0,2.0,2.75,Manhattan,Bloomingdale,Boro Zone,Brooklyn,Greenpoint,Boro Zone
2,2023-01-19 16:10:47,2023-01-19 16:31:46,Y,3.0,132,239,9.0,2.303,4.81,1.5,0.5,0.0,6.55,,0.3,16.41,2.0,1.0,2.75,Queens,LaGuardia Airport,Airports,Manhattan,Central Park,Yellow Zone
1,2023-01-30 14:45:04,2023-01-30 15:21:43,N,99.0,263,132,2.0,2.331,4.99,0.5,0.0,0.87,5.76,,0.3,14.92,1.0,1.0,2.5,Brooklyn,Greenpoint,Boro Zone,Queens,LaGuardia Airport,Airports
1,2023-01-31 23:14:45,2023-01-31 23:24:27,Y,99.0,7,239,2.0,0.424,2.62,2.75,0.5,0.0,12.24,,0.0,18.11,2.0,1.0,0.0,Queens,Steinway,Boro Zone,Manhattan,Central Park,Yellow Zone
1,2023-01-04 01:52:52,2023-01-04 02:36:34,N,4.0,41,75,4.0,3.596,8.82,4.0,0.0,0.0,0.0,,0.0,15.57,2.0,2.0,2.75,Manhattan,Lincoln Square West,Yellow Zone,Manhattan,Bloomingdale,Boro Zone
2,2023-01-28 16:41:59,2023-01-28 17:04:49,Y,1.0,74,239,3.0,3.737,10.27,3.5,0.0,3.03,12.24,,0.0,31.54,1.0,1.0,2.5,Manhattan,Morningside Heights,Boro Zone,Manhattan,Central Park,Yellow Zone
2,2023-01-20 00:21:32,2023-01-20 00:34:17,N,3.0,4,142,6.0,0.925,2.5,2.5,0.0,1.24,5.76,,0.0,14.75,1.0,1.0,2.75,Bronx,Allerton/Pelham Gardens,Boro Zone,Queens,Steinway,Boro Zone
2,2023-01-03 05:10:20,2023-01-03 05:24:07,N,99.0,74,263,4.0,2.827,9.73,1.25,0.0,0.0,5.76,,0.3,19.54,1.0,2.0,2.5,Manhattan,Morningside Heights,Boro Zone,Brooklyn,Greenpoint,Boro Zone
1,2023-01-30 06:09:11,2023-01-30 06:35:37,Y,5.0,263,1,4.0,1.521,6.41,2.0,0.0,0.0,5.76,,0.3,17.22,2.0,2.0,2.75,Brooklyn,Greenpoint,Boro Zone,Unknown,Unknown,Unknown
2,2023-01-03 11:26:21,2023-01-03 12:00:56,Y,99.0,239,142,5.0,0.601,3.24,5.0,0.5,1.87,5.76,,0.3,19.42,1.0,2.0,2.75,Manhattan,Central Park,Yellow Zone,Queens,Steinway,Boro Zone
1,2023-01-06 01:33:45,2023-01-06 01:50:25,N,6.0,138,142,3.0,2.405,7.56,3.75,0.0,0.0,0.0,,0.3,14.11,2.0,1.0,2.5,Queens,JFK Airport,Airports,Queens,Steinway,Boro Zone
1,2023-01-30 10:06:57,2023-01-30 10:19:09,N,1.0,7,7,6.0,2.995,8.8,3.75,0.5,2.46,5.76,,0.0,24.02,1.0,2.0,2.75,Queens,Steinway,Boro Zone,Queens,Steinway,Boro Zone
1,2023-01-17 21:55:31,2023-01-17 22:02:57,N,2.0,75,75,3.0,2.578,10.19,2.75,0.0,0.0,0.0,,0.0,15.69,1.0,2.0,2.75,Manhattan,Bloomingdale,Boro Zone,Manhattan,Bloomingdale,Boro Zone
1,2023-01-28 03:55:20,2023-01-28 04:08:54,Y,99.0,4,41,5.0,2.395,6.04,1.0,0.0,0.0,12.24,,0.0,19.28,2.0,1.0,0.0,Bronx,Allerton/Pelham Gardens,Boro Zone,Manhattan,Lincoln Square West,Yellow Zone
2,2023-01-21 03:42:53,2023-01-21 04:15:17,N,5.0,75,1,5.0,2.015,7.81,2.75,0.5,0.0,5.76,,0.3,17.12,2.0,2.0,0.0,Manhattan,Bloomingdale,Boro Zone,Unknown,Unknown,Unknown
1,2023-01-06 11:15:01,2023-01-06 11:59:18,Y,5.0,239,138,6.0,4.517,10.43,2.75,0.0,1.31,0.0,,0.3,17.29,1.0,2.0,2.5,Manhattan,Central Park,Yellow Zone,Queens,JFK Airport,Airports
2,2023-01-21 14:21:25,2023-01-21 14:53:24,N,6.0,7,1,0.0,1.189,2.88,0.0,0.0,0.0,0.0,,0.3,5.93,1.0,2.0,2.75,Queens,Steinway,Boro Zone,Unknown,Unknown,Unknown
2,2023-01-09 07:50:07,2023-01-09 08:24:04,Y,5.0,74,181,4.0,0.952,4.0,1.25,0.5,0.0,5.76,,0.3,14.56,2.0,2.0,2.75,Manhattan,Morningside Heights,Boro Zone,Brooklyn,Williamsburg (North Side),Boro Zone
2,2023-01-21 23:26:15,2023-01-22 00:06:48,Y,4.0,1,132,5.0,2.065,6.25,2.0,0.5,0.0,5.76,,0.3,17.31,1.0,1.0,2.5,Unknown,Unknown,Unknown,Queens,LaGuardia Airport,Airports
1,2023-01-23 07:11:51,2023-01-23 07:13:51,Y,6.0,138,74,4.0,1.922,6.99,5.0,0.0,3.01,0.0,,0.3,17.8,1.0,1.0,2.5,Queens,JFK Airport,Airports,Manhattan,Morningside Heights,Boro Zone
2,2023-01-07 13:51:42,2023-01-07 14:24:08,Y,2.0,4,1,6.0,4.712,9.4,2.75,0.0,0.0,9.5,,0.3,24.45,2.0,2.0,2.5,Bronx,Allerton/Pelham Gardens,Boro Zone,Unknown,Unknown,Unknown
1,2023-01-23 20:34:07,2023-01-23 20:40:14,N,1.0,138,7,2.0,0.749,2.5,0.0,0.0,0.0,5.76,,0.3,11.06,1.0,2.0,2.5,Queens,JFK Airport,Airports,Queens,Steinway,Boro Zone
2,2023-01-06 20:56:05,2023-01-06 20:58:35,N,3.0,1,1,4.0,0.743,4.62,2.0,0.0,0.0,6.55,,0.3,13.47,2.0,1.0,0.0,Unknown,Unknown,Unknown,Unknown,Unknown,Unknown
1,2023-01-10 14:13:11,2023-01-10 14:39:09,N,3.0,181,132,5.0,0.193,3.03,3.75,0.5,0.0,0.0,,0.3,7.58,2.0,2.0,0.0,Brooklyn,Williamsburg (North Side),Boro Zone,Queens,LaGuardia Airport,Airports
1,2023-01-15 11:42:55,2023-01-15 12:11:36,Y,6.0,75,7,5.0,0.693,2.54,2.5,0.5,0.0,6.55,,0.0,12.09,1.0,2.0,0.0,Manhattan,Bloomingdale,Boro Zone,Queens,Steinway,Boro Zone
2,2023-01-26 19:33:13,2023-01-26 20:11:54,N,6.0,263,74,4.0,1.561,4.91,3.5,0.5,0.0,9.5,,0.3,21.21,2.0,2.0,2.5,Brooklyn,Greenpoint,Boro Zone,Manhattan,Morningside Heights,Boro Zone
1,2023-01-21 01:45:39,2023-01-21 02:05:38,Y,2.0,239,239,3.0,1.916,5.04,3.75,0.5,0.9,0.0,,0.0,10.19,1.0,2.0,0.0,Manhattan,Central Park,Yellow Zone,Manhattan,Central Park,Yellow Zone
1,2023-01-10 20:12:30,2023-01-10 20:31:14,N,5.0,239,132,0.0,2.167,7.43,0.0,0.5,0.0,6.55,,0.0,14.48,2.0,1.0,0.0,Manhattan,Central Park,Yellow Zone,Queens,LaGuardia Airport,Airports
2,2023-01-19 07:17:00,2023-01-19 07:40:52,N,2.0,4,74,3.0,1.806,7.95,4.0,0.5,2.01,0.0,,0.3,17.51,1.0,1.0,2.75,Bronx,Allerton/Pelham Gardens,Boro Zone,Manhattan,Morningside Heights,Boro Zone
1,2023-01-21 12:52:09,2023-01-21 13:14:54,Y,6.0,74,138,5.0,3.728,8.28,5.5,0.5,0.0,0.0,,0.3,17.08,2.0,2.0,2.5,Manhattan,Morningside Heights,Boro Zone,Queens,JFK Airport,Airports
1,2023-01-05 13:19:34,2023-01-05 13:25:24,N,6.0,181,142,6.0,3.543,10.03,3.0,0.5,0.0,6.55,,0.3,22.88,1.0,1.0,2.5,Brooklyn,Williamsburg (North Side),Boro Zone,Queens,Steinway,Boro Zone
2,2023-01-07 12:07:40,2023-01-07 12:42:50,N,3.0,142,181,2.0,3.336,8.19,1.5,0.0,1.67,0.0,,0.0,14.11,1.0,2.0,2.75,Queens,Steinway,Boro Zone,Brooklyn,Williamsburg (North Side),Boro Zone
1,2023-01-03 01:25:12,2023-01-03 01:51:09,N,99.0,4,7,9.0,3.819,12.72,1.5,0.0,1.48,17.0,,0.3,35.5,1.0,1.0,2.5,Bronx,Allerton/Pelham Gardens,Boro Zone,Queens,Steinway,Boro Zone
1,2023-01-20 17:40:43,2023-01-20 17:46:59,N,5.0,75,142,6.0,3.143,9.19,2.5,0.0,0.0,12.24,,0.0,26.68,2.0,2.0,2.75,Manhattan,Bloomingdale,Boro Zone,Queens,Steinway,Boro Zone
1,2023-01-09 00:52:15,2023-01-09 01:21:07,N,6.0,75,239,3.0,0.839,5.89,3.0,0.5,0.0,12.24,,0.3,24.68,2.0,2.0,2.75,Manhattan,Bloomingdale,Boro Zone,Manhattan,Central Park,Yellow Zone
1,2023-01-24 09:36:10,2023-01-24 10:16:37,Y,3.0,7,41,1.0,2.49,6.89,3.75,0.5,0.0,0.0,,0.3,13.94,2.0,1.0,2.5,Queens,Steinway,Boro Zone,Manhattan,Lincoln Square West,Yellow Zone
1,2023-01-07 19:59:41,2023-01-07 20:12:46,Y,5.0,138,41,0.0,1.976,4.69,1.0,0.0,1.03,17.0,,0.3,26.52,1.0,2.0,2.5,Queens,JFK Airport,Airports,Manhattan,Lincoln Square West,Yellow Zone
1,2023-01-17 09:35:53,2023-01-17 10:13:30,Y,2.0,7,181,0.0,1.576,9.66,2.75,0.0,0.0,12.24,,0.3,27.45,2.0,2.0,2.5,Queens,Steinway,Boro Zone,Brooklyn,Williamsburg (North Side),Boro Zone
1,2023-01-15 05:52:26,2023-01-15 06:05:22,N,1.0,75,142,2.0,3.922,12.39,0.0,0.5,0.0,6.55,,0.3,19.74,2.0,1.0,0.0,Manhattan,Bloomingdale,Boro Zone,Queens,Steinway,Boro Zone
2,2023-01-14 10:49:49,2023-01-14 11:18:06,Y,1.0,181,138,3.0,0.703,7.07,2.5,0.5,0.0,12.24,,0.0,25.06,1.0,1.0,2.75,Brooklyn,Williamsburg (North Side),Boro Zone,Queens,JFK Airport,Airports
1,2023-01-15 06:06:59,2023-01-15 06:15:43,Y,4.0,142,181,6.0,2.494,7.48,3.75,0.5,0.83,17.0,,0.3,29.86,1.0,1.0,0.0,Queens,Steinway,Boro Zone,Brooklyn,Williamsburg (North Side),Boro Zone
2,2023-01-15 08:59:28,2023-01-15 09:33:59,Y,3.0,41,74,0.0,4.241,9.81,5.5,0.0,0.0,0.0,,0.0,15.31,2.0,2.0,0.0,Manhattan,Lincoln Square West,Yellow Zone,Manhattan,Morningside Heights,Boro Zone
2,2023-01-04 19:42:50,2023-01-04 19:49:02,Y,4.0,239,75,3.0,0.257,4.34,0.0,0.0,1.83,9.5,,0.3,18.72,1.0,2.0,2.75,Manhattan,Central Park,Yellow Zone,Manhattan,Bloomingdale,Boro Zone
1,2023-01-12 00:54:52,2023-01-12 01:18:34,N,1.0,74,181,5.0,2.342,8.8,6.0,0.0,0.0,17.0,,0.0,34.3,1.0,1.0,2.5,Manhattan,Morningside Heights,Boro Zone,Brooklyn,Williamsburg (North Side),Boro Zone
1,2023-01-20 20:38:00,2023-01-20 21:03:34,N,5.0,138,74,5.0,0.283,4.5,5.0,0.5,0.0,12.24,,0.0,22.24,2.0,2.0,0.0,Queens,JFK Airport,Airports,Manhattan,Morningside Heights,Boro Zone
2,2023-01-19 02:46:53,2023-01-19 02:54:55,Y,4.0,7,138,9.0,3.124,9.83,3.0,0.5,2.25,0.0,,0.3,15.88,1.0,2.0,0.0,Queens,Steinway,Boro Zone,Queens,JFK Airport,Airports
2,2023-01-14 12:42:12,2023-01-14 12:56:51,N,99.0,181,41,2.0,2.525,7.77,0.5,0.0,0.0,0.0,,0.3,11.07,2.0,2.0,2.5,Brooklyn,Williamsburg (North Side),Boro Zone,Manhattan,Lincoln Square West,Yellow Zone
2,2023-01-17 01:11:29,2023-01-17 01:52:51,Y,1.0,75,4,5.0,0.724,3.91,5.0,0.0,1.29,17.0,,0.3,30.25,1.0,2.0,2.75,Manhattan,Bloomingdale,Boro Zone,Bronx,Allerton/Pelham Gardens,Boro Zone
2,2023-01-13 14:54:05,2023-01-13 15:08:49,Y,5.0,41,74,4.0,1.141,3.71,2.0,0.5,1.06,0.0,,0.3,7.57,1.0,1.0,0.0,Manhattan,Lincoln Square West,Yellow Zone,Manhattan,Morningside Heights,Boro Zone
1,2023-01-29 08:18:49,2023-01-29 08:36:26,Y,2.0,4,1,1.0,0.694,2.74,2.75,0.0,0.0,5.76,,0.0,11.25,2.0,2.0,0.0,Bronx,Allerton/Pelham Gardens,Boro Zone,Unknown,Unknown,Unknown
2,2023-01-06 22:35:13,2023-01-06 23:15:15,Y,3.0,181,132,3.0,3.693,9.6,3.5,0.0,0.0,6.55,,0.0,19.65,2.0,1.0,0.0,Brooklyn,Williamsburg (North Side),Boro Zone,Queens,LaGuardia Airport,Airports
1,2023-01-13 09:52:38,2023-01-13 10:32:38,N,5.0,138,239,6.0,0.459,3.81,5.5,0.5,0.0,6.55,,0.0,19.11,2.0,1.0,2.75,Queens,JFK Airport,Airports,Manhattan,Central Park,Yellow Zone
2,2023-01-20 11:55:32,2023-01-20 12:16:28,Y,2.0,1,132,1.0,0.937,5.25,0.5,0.0,0.0,12.24,,0.3,18.29,1.0,1.0,0.0,Unknown,Unknown,Unknown,Queens,LaGuardia Airport,Airports
1,2023-01-08 02:30:59,2023-01-08 02:40:52,N,6.0,74,74,1.0,2.531,7.88,5.0,0.5,0.0,9.5,,0.3,25.93,2.0,1.0,2.75,Manhattan,Morningside Heights,Boro Zone,Manhattan,Morningside Heights,Boro Zone
2,2023-01-15 00:32:49,2023-01-15 01:02:34,N,6.0,263,132,2.0,1.315,5.84,3.0,0.5,0.0,9.5,,0.3,21.64,2.0,2.0,2.5,Brooklyn,Greenpoint,Boro Zone,Queens,LaGuardia Airport,Airports
2,2023-01-15 19:19:40,2023-01-15 19:43:47,N,5.0,181,181,3.0,3.11,8.68,3.5,0.0,0.0,9.5,,0.3,24.73,2.0,2.0,2.75,Brooklyn,Williamsburg (North Side),Boro Zone,Brooklyn,Williamsburg (North Side),Boro Zone
2,2023-01-08 18:23:29,2023-01-08 18:43:24,Y,6.0,75,75,0.0,0.984,3.68,1.5,0.0,0.78,5.76,,0.0,14.22,1.0,2.0,2.5,Manhattan,Bloomingdale,Boro Zone,Manhattan,Bloomingdale,Boro Zone
2,2023-01-06 02:45:04,2023-01-06 03:02:00,Y,99.0,74,74,4.0,2.2,6.89,6.0,0.0,0.0,0.0,,0.0,12.89,2.0,2.0,0.0,Manhattan,Morningside Heights,Boro Zone,Manhattan,Morningside Heights,Boro Zone
2,2023-01-10 16:36:33,2023-01-10 17:09:54,N,5.0,138,239,3.0,1.61,5.95,1.25,0.5,0.0,0.0,,0.3,8.0,2.0,1.0,0.0,Queens,JFK Airport,Airports,Manhattan,Central Park,Yellow Zone
2,2023-01-09 12:09:43,2023-01-09 12:51:48,N,2.0,41,7,9.0,3.685,8.57,5.5,0.0,0.0,6.55,,0.3,20.92,2.0,1.0,0.0,Manhattan,Lincoln Square West,Yellow Zone,Queens,Steinway,Boro Zone
2,2023-01-12 02:25:31,2023-01-12 02:38:27,N,4.0,142,4,1.0,0.223,2.5,5.5,0.0,0.0,0.0,,0.0,10.75,2.0,1.0,2.75,Queens,Steinway,Boro Zone,Bronx,Allerton/Pelham Gardens,Boro Zone
1,2023-01-17 18:06:25,2023-01-17 18:51:28,N,5.0,1,1,2.0,2.673,8.14,2.0,0.0,0.0,6.55,,0.0,16.69,2.0,2.0,0.0,Unknown,Unknown,Unknown,Unknown,Unknown,Unknown
1,2023-01-26 07:52:50,2023-01-26 08:00:37,Y,4.0,181,1,4.0,2.533,8.26,5.0,0.5,0.0,0.0,,0.0,13.76,2.0,1.0,0.0,Brooklyn,Williamsburg (North Side),Boro Zone,Unknown,Unknown,Unknown
1,2023-01-25 15:33:13,2023-01-25 15:57:38,N,3.0,181,263,1.0,3.529,9.72,2.5,0.5,0.0,0.0,,0.0,12.72,2.0,1.0,0.0,Brooklyn,Williamsburg (North Side),Boro Zone,Brooklyn,Greenpoint,Boro Zone
1,2023-01-04 07:20:22,2023-01-04 07:32:08,Y,2.0,132,263,1.0,3.14,7.56,1.5,0.5,0.26,6.55,,0.3,19.42,1.0,1.0,2.75,Queens,LaGuardia Airport,Airports,Brooklyn,Greenpoint,Boro Zone
2,2023-01-29 16:51:28,2023-01-29 16:57:14,N,3.0,1,181,3.0,0.706,7.27,2.0,0.5,0.48,6.55,,0.0,19.3,1.0,2.0,2.5,Unknown,Unknown,Unknown,Brooklyn,Williamsburg (North Side),Boro Zone
1,2023-01-17 15:00:57,2023-01-17 15:19:33,N,1.0,138,41,3.0,2.165,6.79,1.25,0.5,0.0,17.0,,0.0,28.29,1.0,1.0,2.75,Queens,JFK Airport,Airports,Manhattan,Lincoln Square West,Yellow Zone
1,2023-01-27 23:57:01,2023-01-28 00:33:44,Y,99.0,41,7,4.0,1.933,6.7,0.0,0.5,0.0,5.76,,0.0,15.46,2.0,2.0,2.5,Manhattan,Lincoln Square West,Yellow Zone,Queens,Steinway,Boro Zone
1,2023-01-04 23:26:07,2023-01-04 23:36:15,Y,2.0,1,132,4.0,0.187,3.46,3.0,0.5,1.46,9.5,,0.0,20.67,1.0,2.0,2.75,Unknown,Unknown,Unknown,Queens,LaGuardia Airport,Airports
1,2023-01-18 00:12:19,2023-01-18 00:37:03,N,2.0,239,263,0.0,2.023,5.89,1.5,0.0,0.0,17.0,,0.3,24.69,2.0,1.0,0.0,Manhattan,Central Park,Yellow Zone,Brooklyn,Greenpoint,Boro Zone
2,2023-01-14 13:11:34,2023-01-14 13:48:51,N,99.0,7,181,1.0,2.449,6.89,0.0,0.5,0.0,9.5,,0.3,17.19,2.0,1.0,0.0,Queens,Steinway,Boro Zone,Brooklyn,Williamsburg (North Side),Boro Zone
1,2023-01-04 15:54:40,2023-01-04 16:32:00,Y,2.0,181,263,9.0,0.619,2.5,3.0,0.0,0.0,0.0,,0.0,5.5,2.0,2.0,0.0,Brooklyn,Williamsburg (North Side),Boro Zone,Brooklyn,Greenpoint,Boro Zone
1,2023-01-04 08:13:36,2023-01-04 08:25:28,Y,3.0,132,142,5.0,3.533,8.8,2.0,0.5,0.0,9.5,,0.0,23.55,2.0,1.0,2.75,Queens,LaGuardia Airport,Airports,Queens,Steinway,Boro Zone
2,2023-01-10 08:02:44,2023-01-10 08:42:07,Y,5.0,138,263,4.0,3.106,9.93,1.25,0.0,1.16,9.5,,0.3,24.64,1.0,1.0,2.5,Queens,JFK Airport,Airports,Brooklyn,Greenpoint,Boro Zone
1,2023-01-09 04:26:13,2023-01-09 04:44:24,N,2.0,132,74,2.0,2.55,7.48,2.5,0.5,1.14,0.0,,0.3,14.42,1.0,1.0,2.5,Queens,LaGuardia Airport,Airports,Manhattan,Morningside Heights,Boro Zone
1,2023-01-31 06:06:27,2023-01-31 06:34:04,Y,3.0,74,7,2.0,1.716,8.28,2.5,0.0,1.42,17.0,,0.0,31.7,1.0,1.0,2.5,Manhattan,Morningside Heights,Boro Zone,Queens,Steinway,Boro Zone
1,2023-01-22 06:29:13,2023-01-22 06:42:39,Y,99.0,74,75,5.0,4.986,11.33,6.0,0.5,0.0,12.24,,0.3,32.87,2.0,2.0,2.5,Manhattan,Morningside Heights,Boro Zone,Manhattan,Bloomingdale,Boro Zone
1,2023-01-26 14:19:09,2023-01-26 15:01:42,Y,2.0,132,41,0.0,2.444,7.0,5.0,0.5,0.0,17.0,,0.0,32.25,1.0,1.0,2.75,Queens,LaGuardia Airport,Airports,Manhattan,Lincoln Square West,Yellow Zone
2,2023-01-17 21:28:20,2023-01-17 21:54:52,Y,6.0,181,74,9.0,0.676,4.95,1.0,0.5,0.0,0.0,,0.3,6.75,2.0,2.0,0.0,Brooklyn,Williamsburg (North Side),Boro Zone,Manhattan,Morningside Heights,Boro Zone
1,2023-01-17 18:12:27,2023-01-17 18:29:42,Y,2.0,75,239,0.0,3.98,8.43,2.5,0.0,1.8,12.24,,0.3,27.77,1.0,1.0,2.5,Manhattan,Bloomingdale,Boro Zone,Manhattan,Central Park,Yellow Zone
1,2023-01-05 09:17:19,2023-01-05 09:29:26,N,99.0,41,1,9.0,3.583,10.67,4.0,0.5,0.0,17.0,,0.3,32.47,2.0,2.0,0.0,Manhattan,Lincoln Square West,Yellow Zone,Unknown,Unknown,Unknown
2,2023-01-04 03:57:32,2023-01-04 04:21:30,N,4.0,4,4,0.0,3.419,8.74,3.0,0.0,1.04,0.0,,0.3,15.58,1.0,1.0,2.5,Bronx,Allerton/Pelham Gardens,Boro Zone,Bronx,Allerton/Pelham Gardens,Boro Zone
2,2023-01-26 08:18:41,2023-01-26 08:54:08,Y,5.0,142,142,6.0,0.928,4.29,3.0,0.0,0.0,5.76,,0.0,15.55,2.0,2.0,2.5,Queens,Steinway,Boro Zone,Queens,Steinway,Boro Zone
2,2023-01-12 07:08:09,2023-01-12 07:13:34,Y,4.0,138,4,4.0,6.028,15.2,3.5,0.0,0.0,0.0,,0.0,21.2,2.0,1.0,2.5,Queens,JFK Airport,Airports,Bronx,Allerton/Pelham Gardens,Boro Zone
1,2023-01-21 08:49:31,2023-01-21 09:13:11,Y,99.0,181,1,2.0,3.392,7.99,2.5,0.5,1.71,12.24,,0.3,27.74,1.0,1.0,2.5,Brooklyn,Williamsburg (North Side),Boro Zone,Unknown,Unknown,Unknown
1,2023-01-04 13:43:37,2023-01-04 14:03:47,N,1.0,132,7,4.0,0.41,3.35,2.0,0.0,1.07,5.76,,0.0,12.18,1.0,2.0,0.0,Queens,LaGuardia Airport,Airports,Queens,Steinway,Boro Zone
1,2023-01-24 09:12:14,2023-01-24 09:44:41,N,6.0,74,74,2.0,4.221,11.72,2.5,0.5,0.0,12.24,,0.0,26.96,2.0,1.0,0.0,Manhattan,Morningside Heights,Boro Zone,Manhattan,Morningside Heights,Boro Zone
1,2023-01-25 12:57:23,2023-01-25 13:36:46,Y,4.0,74,75,4.0,2.742,10.6,1.5,0.5,1.11,12.24,,0.3,29.0,1.0,1.0,2.75,Manhattan,Morningside Heights,Boro Zone,Manhattan,Bloomingdale,Boro Zone
1,2023-01-02 10:42:12,2023-01-02 11:04:03,N,1.0,75,1,9.0,2.473,4.91,2.75,0.5,0.0,0.0,,0.0,10.91,2.0,1.0,2.75,Manhattan,Bloomingdale,Boro Zone,Unknown,Unknown,Unknown
2,2023-01-31 00:05:16,2023-01-31 00:28:01,N,4.0,41,74,9.0,0.905,4.03,0.5,0.0,0.0,9.5,,0.0,16.78,2.0,1.0,2.75,Manhattan,Lincoln Square West,Yellow Zone,Manhattan,Morningside Heights,Boro Zone
1,2023-01-06 13:48:45,2023-01-06 14:07:58,Y,6.0,239,41,5.0,1.557,2.5,0.0,0.0,0.0,9.5,,0.0,14.75,2.0,2.0,2.75,Manhattan,Central Park,Yellow Zone,Manhattan,Lincoln Square West,Yellow Zone
1,2023-01-17 06:49:38,2023-01-17 07:20:43,N,2.0,239,142,2.0,4.96,10.28,3.75,0.5,0.0,0.0,,0.0,17.03,2.0,1.0,2.5,Manhattan,Central Park,Yellow Zone,Queens,Steinway,Boro Zone
2,2023-01-26 21:23:55,2023-01-26 21:58:11,N,4.0,239,138,1.0,1.72,5.3,5.0,0.5,0.0,9.5,,0.0,22.8,2.0,1.0,2.5,Manhattan,Central Park,Yellow Zone,Queens,JFK Airport,Airports
2,2023-01-25 14:24:40,2023-01-25 14:41:43,N,5.0,1,138,6.0,3.259,6.62,3.0,0.0,1.69,0.0,,0.0,14.06,1.0,1.0,2.75,Unknown,Unknown,Unknown,Queens,JFK Airport,Airports
1,2023-01-22 23:26:09,2023-01-22 23:46:31,N,6.0,1,1,4.0,2.541,6.59,2.5,0.5,0.0,0.0,,0.3,12.64,2.0,1.0,2.75,Unknown,Unknown,Unknown,Unknown,Unknown,Unknown
2,2023-01-26 18:12:21,2023-01-26 18:18:04,N,4.0,41,181,2.0,2.967,8.46,6.0,0.0,2.84,12.24,,0.3,29.84,1.0,1.0,0.0,Manhattan,Lincoln Square West,Yellow Zone,Brooklyn,Williamsburg (North Side),Boro Zone
1,2023-01-28 17:24:47,2023-01-28 18:02:33,Y,99.0,132,75,6.0,1.628,5.39,2.5,0.0,0.0,0.0,,0.3,10.69,1.0,1.0,2.5,Queens,LaGuardia Airport,Airports,Manhattan,Bloomingdale,Boro Zone
2,2023-01-30 08:20:10,2023-01-30 08:41:33,N,99.0,7,263,1.0,3.212,9.55,1.5,0.5,2.36,5.76,,0.3,19.97,1.0,2.0,0.0,Queens,Steinway,Boro Zone,Brooklyn,Greenpoint,Boro Zone
1,2023-01-09 00:15:37,2023-01-09 00:59:57,Y,2.0,181,74,5.0,1.827,5.11,5.5,0.5,0.0,0.0,,0.3,13.91,1.0,1.0,2.5,Brooklyn,Williamsburg (North Side),Boro Zone,Manhattan,Morningside Heights,Boro Zone
2,2023-01-02 17:58:14,2023-01-02 18:08:01,N,4.0,75,1,6.0,1.923,5.04,6.0,0.0,0.0,0.0,,0.3,14.09,2.0,1.0,2.75,Manhattan,Bloomingdale,Boro Zone,Unknown,Unknown,Unknown
2,2023-01-21 21:51:24,2023-01-21 21:56:07,N,1.0,74,1,2.0,0.767,4.54,1.5,0.0,0.67,0.0,,0.3,9.51,1.0,2.0,2.5,Manhattan,Morningside Heights,Boro Zone,Unknown,Unknown,Unknown
1,2023-01-02 05:44:56,2023-01-02 06:15:02,N,6.0,75,7,5.0,3.307,7.1,4.0,0.0,0.0,6.55,,0.3,20.45,1.0,2.0,2.5,Manhattan,Bloomingdale,Boro Zone,Queens,Steinway,Boro Zone
2,2023-01-20 10:56:29,2023-01-20 11:33:03,N,2.0,181,4,4.0,2.381,8.14,1.0,0.0,3.09,9.5,,0.3,22.03,1.0,1.0,0.0,Brooklyn,Williamsburg (North Side),Boro Zone,Bronx,Allerton/Pelham Gardens,Boro Zone
1,2023-01-29 01:52:17,2023-01-29 01:57:17,N,5.0,74,239,2.0,1.249,3.93,1.25,0.5,0.0,6.55,,0.3,15.28,2.0,2.0,2.75,Manhattan,Morningside Heights,Boro Zone,Manhattan,Central Park,Yellow Zone
1,2023-01-12 23:44:51,2023-01-13 00:09:00,Y,6.0,132,1,0.0,1.124,5.48,2.75,0.5,0.0,6.55,,0.0,15.28,2.0,1.0,0.0,Queens,LaGuardia Airport,Airports,Unknown,Unknown,Unknown
1,2023-01-14 04:38:24,2023-01-14 04:56:45,N,4.0,7,75,0.0,3.384,8.66,0.5,0.5,0.0,6.55,,0.0,18.96,2.0,1.0,2.75,Queens,Steinway,Boro Zone,Manhattan,Bloomingdale,Boro Zone
1,2023-01-29 05:10:28,2023-01-29 05:23:23,N,3.0,142,239,5.0,3.435,10.19,5.0,0.5,5.48,0.0,,0.0,23.67,1.0,1.0,2.5,Queens,Steinway,Boro Zone,Manhattan,Central Park,Yellow Zone
1,2023-01-14 09:32:02,2023-01-14 09:40:48,Y,2.0,74,239,5.0,4.756,11.21,3.0,0.5,0.0,12.24,,0.3,27.25,2.0,1.0,0.0,Manhattan,Morningside Heights,Boro Zone,Manhattan,Central Park,Yellow Zone
2,2023-01-11 17:09:39,2023-01-11 17:26:28,N,5.0,263,41,9.0,2.936,6.38,0.0,0.0,2.08,0.0,,0.0,10.96,1.0,1.0,2.5,Brooklyn,Greenpoint,Boro Zone,Manhattan,Lincoln Square West,Yellow Zone
1,2023-01-29 23:37:17,2023-01-30 00:07:02,N,4.0,138,132,2.0,0.725,3.97,4.0,0.5,0.0,0.0,,0.3,11.27,2.0,1.0,2.5,Queens,JFK Airport,Airports,Queens,LaGuardia Airport,Airports
1,2023-01-17 05:30:22,2023-01-17 05:55:48,N,5.0,181,75,2.0,3.477,8.74,0.5,0.5,0.0,0.0,,0.0,12.24,2.0,2.0,2.5,Brooklyn,Williamsburg (North Side),Boro Zone,Manhattan,Bloomingdale,Boro Zone
1,2023-01-24 07:12:28,2023-01-24 07:37:51,Y,99.0,181,181,4.0,3.924,8.92,6.0,0.5,0.0,0.0,,0.3,15.72,2.0,2.0,0.0,Brooklyn,Williamsburg (North Side),Boro Zone,Brooklyn,Williamsburg (North Side),Boro Zone
1,2023-01-21 00:49:52,2023-01-21 01:14:44,Y,4.0,1,1,1.0,2.961,7.56,2.0,0.5,0.0,6.55,,0.3,16.91,2.0,2.0,0.0,Unknown,Unknown,Unknown,Unknown,Unknown,Unknown
1,2023-01-12 01:20:30,2023-01-12 02:03:26,Y,4.0,1,263,1.0,0.8,3.13,2.0,0.0,0.0,9.5,,0.3,17.68,2.0,2.0,2.75,Unknown,Unknown,Unknown,Brooklyn,Greenpoint,Boro Zone
1,2023-01-24 11:08:40,2023-01-24 11:20:19,Y,5.0,263,1,2.0,2.441,6.28,2.75,0.5,0.0,6.55,,0.0,18.58,1.0,2.0,2.5,Brooklyn,Greenpoint,Boro Zone,Unknown,Unknown,Unknown
2,2023-01-25 17:15:30,2023-01-25 17:39:16,Y,2.0,4,239,1.0,1.131,3.31,4.0,0.5,0.0,0.0,,0.0,10.56,2.0,2.0,2.75,Bronx,Allerton/Pelham Gardens,Boro Zone,Manhattan,Central Park,Yellow Zone
2,2023-01-01 12:37:55,2023-01-01 13:19:59,Y,3.0,239,75,6.0,3.264,11.12,0.5,0.0,0.0,9.5,,0.3,23.92,2.0,1.0,2.5,Manhattan,Central Park,Yellow Zone,Manhattan,Bloomingdale,Boro Zone
1,2023-01-05 23:05:33,2023-01-05 23:43:57,Y,99.0,1,1,2.0,0.663,2.5,3.75,0.0,0.0,0.0,,0.3,9.3,2.0,2.0,2.75,Unknown,Unknown,Unknown,Unknown,Unknown,Unknown
2,2023-01-03 12:26:23,2023-01-03 13:04:01,Y,2.0,1,41,5.0,3.47,8.31,1.5,0.5,0.0,9.5,,0.3,22.86,2.0,1.0,2.75,Unknown,Unknown,Unknown,Manhattan,Lincoln Square West,Yellow Zone
2,2023-01-10 07:33:27,2023-01-10 07:51:25,Y,99.0,142,41,4.0,4.895,11.53,0.0,0.5,0.0,17.0,,0.0,29.03,2.0,1.0,0.0,Queens,Steinway,Boro Zone,Manhattan,Lincoln Square West,Yellow Zone
1,2023-01-17 08:39:22,2023-01-17 09:14:30,N,6.0,4,75,6.0,3.596,7.6,3.75,0.5,0.0,9.5,,0.3,24.15,2.0,2.0,2.5,Bronx,Allerton/Pelham Gardens,Boro Zone,Manhattan,Bloomingdale,Boro Zone
1,2023-01-19 23:53:52,2023-01-19 23:59:39,N,2.0,132,74,3.0,4.094,9.19,3.0,0.5,3.56,6.55,,0.3,25.6,1.0,2.0,2.5,Queens,LaGuardia Airport,Airports,Manhattan,Morningside Heights,Boro Zone
1,2023-01-24 22:54:54,2023-01-24 23:21:44,Y,1.0,132,263,0.0,2.761,8.93,1.0,0.5,1.06,17.0,,0.3,28.79,1.0,1.0,0.0,Queens,LaGuardia Airport,Airports,Brooklyn,Greenpoint,Boro Zone
2,2023-01-26 06:22:06,2023-01-26 06:55:44,N,5.0,74,263,2.0,3.669,9.73,2.75,0.5,0.0,12.24,,0.3,28.02,2.0,1.0,2.5,Manhattan,Morningside Heights,Boro Zone,Brooklyn,Greenpoint,Boro Zone
1,2023-01-07 05:26:17,2023-01-07 06:07:13,N,99.0,41,1,3.0,3.71,8.99,4.0,0.5,0.0,6.55,,0.3,23.09,2.0,1.0,2.75,Manhattan,Lincoln Square West,Yellow Zone,Unknown,Unknown,Unknown
2,2023-01-29 06:42:16,2023-01-29 06:56:21,N,1.0,4,239,9.0,2.991,9.65,4.0,0.0,0.0,5.76,,0.0,22.16,2.0,2.0,2.75,Bronx,Allerton/Pelham Gardens,Boro Zone,Manhattan,Central Park,Yellow Zone
1,2023-01-08 19:07:27,2023-01-08 19:09:43,Y,4.0,181,4,1.0,0.235,2.5,3.75,0.5,1.57,17.0,,0.0,27.82,1.0,2.0,2.5,Brooklyn,Williamsburg (North Side),Boro Zone,Bronx,Allerton/Pelham Gardens,Boro Zone
2,2023-01-22 17:12:16,2023-01-22 17:32:58,N,4.0,138,1,5.0,1.804,3.83,5.0,0.5,0.04,0.0,,0.3,9.67,1.0,2.0,0.0,Queens,JFK Airport,Airports,Unknown,Unknown,Unknown
2,2023-01-06 12:48:28,2023-01-06 13:08:33,Y,6.0,142,181,9.0,3.101,8.78,3.5,0.0,0.0,0.0,,0.0,15.03,2.0,1.0,2.75,Queens,Steinway,Boro Zone,Brooklyn,Williamsburg (North Side),Boro Zone
1,2023-01-12 23:07:48,2023-01-12 23:36:03,Y,5.0,142,41,1.0,1.772,6.45,5.5,0.5,0.0,17.0,,0.3,29.75,2.0,2.0,0.0,Queens,Steinway,Boro Zone,Manhattan,Lincoln Square West,Yellow Zone
1,2023-01-28 00:30:53,2023-01-28 01:07:11,Y,5.0,181,74,2.0,0.406,2.89,3.75,0.5,0.0,0.0,,0.3,7.44,2.0,1.0,0.0,Brooklyn,Williamsburg (North Side),Boro Zone,Manhattan,Morningside Heights,Boro Zone
1,2023-01-10 18:07:20,2023-01-10 18:28:50,N,1.0,132,181,2.0,0.189,2.5,3.5,0.0,0.0,17.0,,0.3,25.8,2.0,1.0,2.5,Queens,LaGuardia Airport,Airports,Brooklyn,Williamsburg (North Side),Boro Zone
1,2023-01-01 05:24:37,2023-01-01 06:02:44,Y,5.0,263,181,5.0,3.43,7.31,0.0,0.5,0.0,0.0,,0.0,7.81,1.0,2.0,0.0,Brooklyn,Greenpoint,Boro Zone,Brooklyn,Williamsburg (North Side),Boro Zone
2,2023-01-04 21:02:51,2023-01-04 21:37:39,N,6.0,41,142,3.0,3.428,9.27,2.5,0.5,1.03,6.55,,0.3,22.65,1.0,2.0,2.5,Manhattan,Lincoln Square West,Yellow Zone,Queens,Steinway,Boro Zone
2,2023-01-21 20:24:58,2023-01-21 20:38:14,N,6.0,1,132,5.0,1.998,7.55,3.0,0.0,0.0,5.76,,0.0,19.06,2.0,2.0,2.75,Unknown,Unknown,Unknown,Queens,LaGuardia Airport,Airports
2,2023-01-12 11:00:29,2023-01-12 11:07:22,N,3.0,132,138,4.0,0.889,2.5,5.0,0.0,0.0,0.0,,0.3,10.55,2.0,2.0,2.75,Queens,LaGuardia Airport,Airports,Queens,JFK Airport,Airports
1,2023-01-08 10:35:27,2023-01-08 11:17:45,Y,5.0,239,41,5.0,1.281,5.38,3.75,0.0,1.62,9.5,,0.3,23.3,1.0,1.0,2.75,Manhattan,Central Park,Yellow Zone,Manhattan,Lincoln Square West,Yellow Zone
2,2023-01-07 14:28:28,2023-01-07 14:50:21,Y,5.0,75,41,1.0,1.924,5.51,3.75,0.5,0.0,12.24,,0.3,22.3,2.0,2.0,0.0,Manhattan,Bloomingdale,Boro Zone,Manhattan,Lincoln Square West,Yellow Zone
1,2023-01-19 03:35:46,2023-01-19 04:06:41,Y,1.0,132,132,3.0,2.812,8.08,3.5,0.0,0.81,0.0,,0.0,12.39,1.0,2.0,0.0,Queens,LaGuardia Airport,Airports,Queens,LaGuardia Airport,Airports
1,2023-01-29 22:42:09,2023-01-29 22:50:06,Y,6.0,142,263,2.0,1.785,4.68,1.5,0.5,1.21,6.55,,0.3,17.49,1.0,2.0,2.75,Queens,Steinway,Boro Zone,Brooklyn,Greenpoint,Boro Zone
2,2023-01-17 20:27:28,2023-01-17 20:56:16,N,2.0,142,142,1.0,0.118,2.5,1.5,0.0,0.0,0.0,,0.3,6.8,2.0,1.0,2.5,Queens,Steinway,Boro Zone,Queens,Steinway,Boro Zone
1,2023-01-10 08:44:17,2023-01-10 09:10:51,N,1.0,74,4,9.0,1.03,3.18,6.0,0.0,0.0,0.0,,0.3,9.48,2.0,1.0,0.0,Manhattan,Morningside Heights,Boro Zone,Bronx,Allerton/Pelham Gardens,Boro Zone
2,2023-01-17 04:35:49,2023-01-17 04:59:14,Y,5.0,239,1,1.0,0.393,2.5,6.0,0.5,0.64,6.55,,0.3,16.49,1.0,1.0,0.0,Manhattan,Central Park,Yellow Zone,Unknown,Unknown,Unknown
2,2023-01-13 11:52:05,2023-01-13 12:13:31,N,1.0,74,138,9.0,5.378,12.31,1.0,0.0,0.0,0.0,,0.0,16.06,2.0,2.0,2.75,Manhattan,Morningside Heights,Boro Zone,Queens,JFK Airport,Airports
2,2023-01-30 22:06:11,2023-01-30 22:42:57,N,5.0,4,75,0.0,5.882,15.42,3.0,0.5,0.0,9.5,,0.3,31.22,2.0,1.0,2.5,Bronx,Allerton/Pelham Gardens,Boro Zone,Manhattan,Bloomingdale,Boro Zone
1,2023-01-09 12:44:50,2023-01-09 12:52:04,N,6.0,41,132,9.0,0.779,7.26,0.5,0.5,0.0,17.0,,0.3,28.31,2.0,2.0,2.75,Manhattan,Lincoln Square West,Yellow Zone,Queens,LaGuardia Airport,Airports
1,2023-01-28 07:09:57,2023-01-28 07:52:55,N,5.0,4,41,5.0,3.38,6.96,0.5,0.5,4.28,6.55,,0.3,21.84,1.0,1.0,2.75,Bronx,Allerton/Pelham Gardens,Boro Zone,Manhattan,Lincoln Square West,Yellow Zone
2,2023-01-10 15:54:34,2023-01-10 16:18:24,Y,3.0,138,75,6.0,0.44,3.06,6.0,0.0,0.87,9.5,,0.3,22.23,1.0,2.0,2.5,Queens,JFK Airport,Airports,Manhattan,Bloomingdale,Boro Zone
1,2023-01-11 04:17:39,2023-01-11 04:53:08,Y,2.0,181,4,0.0,0.644,6.33,4.0,0.0,1.88,0.0,,0.3,15.01,1.0,2.0,2.5,Brooklyn,Williamsburg (North Side),Boro Zone,Bronx,Allerton/Pelham Gardens,Boro Zone
2,2023-01-03 22:18:11,2023-01-03 22:38:11,Y,1.0,132,132,5.0,1.907,7.4,0.0,0.5,0.0,9.5,,0.0,19.9,1.0,1.0,2.5,Queens,LaGuardia Airport,Airports,Queens,LaGuardia Airport,Airports
2,2023-01-04 04:24:09,2023-01-04 04:57:40,Y,6.0,132,41,3.0,3.363,7.55,6.0,0.0,1.1,0.0,,0.0,17.4,1.0,2.0,2.75,Queens,LaGuardia Airport,Airports,Manhattan,Lincoln Square West,Yellow Zone
2,2023-01-21 07:27:47,2023-01-21 07:50:11,Y,2.0,1,74,2.0,1.886,3.86,0.0,0.0,0.0,6.55,,0.0,12.91,1.0,2.0,2.5,Unknown,Unknown,Unknown,Manhattan,Morningside Heights,Boro Zone
1,2023-01-02 13:04:58,2023-01-02 13:15:24,Y,1.0,138,132,9.0,2.228,6.83,3.5,0.0,0.0,0.0,,0.0,10.33,2.0,2.0,0.0,Queens,JFK Airport,Airports,Queens,LaGuardia Airport,Airports
2,2023-01-01 01:08:58,2023-01-01 01:51:39,N,1.0,239,239,2.0,0.476,4.43,2.0,0.0,1.11,12.24,,0.0,22.53,1.0,2.0,2.75,Manhattan,Central Park,Yellow Zone,Manhattan,Central Park,Yellow Zone
2,2023-01-22 23:12:31,2023-01-22 23:47:27,Y,99.0,74,239,6.0,1.778,5.69,1.0,0.5,1.9,0.0,,0.0,11.59,1.0,1.0,2.5,Manhattan,Morningside Heights,Boro Zone,Manhattan,Central Park,Yellow Zone
2,2023-01-16 11:45:06,2023-01-16 12:19:16,Y,1.0,263,138,9.0,0.894,6.2,0.5,0.0,1.54,12.24,,0.0,20.48,1.0,2.0,0.0,Brooklyn,Greenpoint,Boro Zone,Queens,JFK Airport,Airports
2,2023-01-17 17:57:55,2023-01-17 18:12:50,Y,2.0,1,138,2.0,3.015,9.25,3.75,0.5,0.0,0.0,,0.3,16.3,1.0,1.0,2.5,Unknown,Unknown,Unknown,Queens,JFK Airport,Airports
1,2023-01-22 06:00:22,2023-01-22 06:29:07,Y,6.0,4,75,9.0,3.96,9.29,3.5,0.0,0.0,0.0,,0.3,15.59,2.0,1.0,2.5,Bronx,Allerton/Pelham Gardens,Boro Zone,Manhattan,Bloomingdale,Boro Zone
1,2023-01-09 02:07:56,2023-01-09 02:15:38,Y,5.0,41,75,1.0,0.892,4.71,3.5,0.5,2.21,5.76,,0.0,19.18,1.0,2.0,2.5,Manhattan,Lincoln Square West,Yellow Zone,Manhattan,Bloomingdale,Boro Zone
1,2023-01-13 20:56:26,2023-01-13 21:36:23,Y,6.0,132,7,9.0,1.773,10.94,2.75,0.0,1.56,0.0,,0.0,18.0,1.0,1.0,2.75,Queens,LaGuardia Airport,Airports,Queens,Steinway,Boro Zone
2,2023-01-27 08:03:39,2023-01-27 08:23:12,Y,4.0,74,41,4.0,4.898,12.3,2.0,0.5,0.81,0.0,,0.0,15.61,1.0,1.0,0.0,Manhattan,Morningside Heights,Boro Zone,Manhattan,Lincoln Square West,Yellow Zone
2,2023-01-18 12:55:31,2023-01-18 13:24:45,Y,1.0,75,239,3.0,2.207,8.38,4.0,0.5,0.0,9.5,,0.3,25.18,1.0,2.0,2.5,Manhattan,Bloomingdale,Boro Zone,Manhattan,Central Park,Yellow Zone
2,2023-01-29 12:58:32,2023-01-29 13:01:09,Y,1.0,181,1,3.0,1.698,5.48,4.0,0.5,2.11,6.55,,0.0,21.14,1.0,1.0,2.5,Brooklyn,Williamsburg (North Side),Boro Zone,Unknown,Unknown,Unknown
2,2023-01-16 17:15:26,2023-01-16 17:36:44,Y,4.0,181,138,2.0,3.924,9.85,1.25,0.5,0.0,5.76,,0.0,19.86,2.0,1.0,2.5,Brooklyn,Williamsburg (North Side),Boro Zone,Queens,JFK Airport,Airports
1,2023-01-18 18:11:03,2023-01-18 18:54:25,N,3.0,74,239,3.0,1.098,5.98,2.0,0.0,0.0,0.0,,0.0,10.73,1.0,2.0,2.75,Manhattan,Morningside Heights,Boro Zone,Manhattan,Central Park,Yellow Zone
2,2023-01-22 09:43:15,2023-01-22 10:08:39,N,4.0,1,4,2.0,1.313,5.98,5.0,0.5,0.71,12.24,,0.0,26.93,1.0,1.0,2.5,Unknown,Unknown,Unknown,Bronx,Allerton/Pelham Gardens,Boro Zone
1,2023-01-24 12:40:16,2023-01-24 13:24:13,Y,4.0,138,263,9.0,2.79,7.74,5.5,0.0,0.0,0.0,,0.3,16.04,2.0,1.0,2.5,Queens,JFK Airport,Airports,Brooklyn,Greenpoint,Boro Zone
1,2023-01-11 01:55:46,2023-01-11 02:36:07,Y,3.0,41,41,6.0,0.667,6.01,3.5,0.0,1.06,12.24,,0.0,25.56,1.0,2.0,2.75,Manhattan,Lincoln Square West,Yellow Zone,Manhattan,Lincoln Square West,Yellow Zone
2,2023-01-01 21:10:40,2023-01-01 21:24:02,Y,4.0,4,41,6.0,2.055,5.03,2.75,0.0,0.0,12.24,,0.3,22.82,1.0,1.0,2.5,Bronx,Allerton/Pelham Gardens,Boro Zone,Manhattan,Lincoln Square West,Yellow Zone
2,2023-01-27 23:00:28,2023-01-27 23:34:13,Y,2.0,74,138,5.0,2.846,7.86,1.5,0.0,0.0,6.55,,0.0,15.91,2.0,2.0,0.0,Manhattan,Morningside Heights,Boro Zone,Queens,JFK Airport,Airports
2,2023-01-13 04:48:16,2023-01-13 05:29:36,Y,4.0,138,132,9.0,2.137,8.24,5.0,0.0,0.0,0.0,,0.3,13.54,2.0,2.0,0.0,Queens,JFK Airport,Airports,Queens,LaGuardia Airport,Airports
1,2023-01-12 10:23:17,2023-01-12 10:57:46,Y,4.0,132,239,5.0,3.853,9.78,3.0,0.0,0.0,0.0,,0.3,15.58,2.0,1.0,2.5,Queens,LaGuardia Airport,Airports,Manhattan,Central Park,Yellow Zone
2,2023-01-06 14:17:22,2023-01-06 14:54:55,Y,5.0,1,41,5.0,2.965,12.07,6.0,0.0,0.0,9.5,,0.0,30.07,2.0,2.0,2.5,Unknown,Unknown,Unknown,Manhattan,Lincoln Square West,Yellow Zone
2,2023-01-06 17:10:14,2023-01-06 17:31:07,N,2.0,132,181,1.0,2.979,9.99,3.0,0.0,4.63,12.24,,0.0,32.36,1.0,1.0,2.5,Queens,LaGuardia Airport,Airports,Brooklyn,Williamsburg (North Side),Boro Zone
1,2023-01-12 14:27:09,2023-01-12 15:01:27,Y,3.0,7,7,5.0,0.676,6.43,6.0,0.5,0.97,0.0,,0.3,16.7,1.0,1.0,2.5,Queens,Steinway,Boro Zone,Queens,Steinway,Boro Zone
2,2023-01-21 08:53:09,2023-01-21 08:55:42,N,5.0,75,181,1.0,0.135,2.71,2.75,0.5,0.0,6.55,,0.3,15.56,2.0,1.0,2.75,Manhattan,Bloomingdale,Boro Zone,Brooklyn,Williamsburg (North Side),Boro Zone
1,2023-01-15 12:59:08,2023-01-15 13:39:31,Y,4.0,138,74,2.0,5.677,12.36,1.5,0.0,0.0,6.55,,0.0,20.41,2.0,1.0,0.0,Queens,JFK Airport,Airports,Manhattan,Morningside Heights,Boro Zone
2,2023-01-08 13:58:49,2023-01-08 14:02:55,Y,99.0,7,263,3.0,3.372,10.05,3.0,0.0,3.51,0.0,,0.3,19.36,1.0,2.0,2.5,Queens,Steinway,Boro Zone,Brooklyn,Greenpoint,Boro Zone
2,2023-01-20 15:06:34,2023-01-20 15:10:48,Y,3.0,1,7,3.0,1.727,6.5,0.5,0.0,0.0,0.0,,0.0,9.75,2.0,2.0,2.75,Unknown,Unknown,Unknown,Queens,Steinway,Boro Zone
2,2023-01-18 00:51:07,2023-01-18 01:08:31,N,5.0,75,181,9.0,3.848,11.81,2.75,0.5,2.33,17.0,,0.0,36.89,1.0,2.0,2.5,Manhattan,Bloomingdale,Boro Zone,Brooklyn,Williamsburg (North Side),Boro Zone
2,2023-01-28 11:26:07,2023-01-28 12:08:57,N,99.0,138,4,0.0,2.9,7.72,1.0,0.5,0.15,12.24,,0.3,24.41,1.0,1.0,2.5,Queens,JFK Airport,Airports,Bronx,Allerton/Pelham Gardens,Boro Zone
2,2023-01-07 01:50:05,2023-01-07 02:20:23,Y,2.0,181,142,2.0,1.549,7.42,1.0,0.0,0.0,12.24,,0.0,20.66,2.0,1.0,0.0,Brooklyn,Williamsburg (North Side),Boro Zone,Queens,Steinway,Boro Zone
2,2023-01-25 07:55:46,2023-01-25 08:08:38,Y,2.0,4,74,0.0,5.364,11.62,3.75,0.5,0.0,0.0,,0.3,16.17,2.0,2.0,0.0,Bronx,Allerton/Pelham Gardens,Boro Zone,Manhattan,Morningside Heights,Boro Zone
2,2023-01-21 05:22:58,2023-01-21 05:26:29,Y,1.0,41,138,6.0,2.152,5.92,6.0,0.5,0.0,12.24,,0.0,27.16,2.0,1.0,2.5,Manhattan,Lincoln Square West,Yellow Zone,Queens,JFK Airport,Airports
2,2023-01-15 12:48:35,2023-01-15 13:05:02,N,4.0,41,74,4.0,2.849,8.25,5.0,0.0,3.04,0.0,,0.3,19.09,1.0,2.0,2.5,Manhattan,Lincoln Square West,Yellow Zone,Manhattan,Morningside Heights,Boro Zone
1,2023-01-06 03:01:39,2023-01-06 03:32:37,N,1.0,41,1,6.0,1.315,5.03,3.5,0.0,0.0,0.0,,0.3,11.33,1.0,2.0,2.5,Manhattan,Lincoln Square West,Yellow Zone,Unknown,Unknown,Unknown
1,2023-01-24 00:20:15,2023-01-24 01:02:13,Y,99.0,4,263,4.0,0.607,5.9,1.25,0.0,0.0,5.76,,0.0,15.66,2.0,1.0,2.75,Bronx,Allerton/Pelham Gardens,Boro Zone,Brooklyn,Greenpoint,Boro Zone
1,2023-01-05 01:14:27,2023-01-05 01:27:24,N,3.0,263,7,0.0,3.247,8.69,6.0,0.5,0.0,9.5,,0.3,24.99,2.0,2.0,0.0,Brooklyn,Greenpoint,Boro Zone,Queens,Steinway,Boro Zone
1,2023-01-16 13:26:25,2023-01-16 13:36:52,N,3.0,181,142,5.0,0.826,4.53,1.5,0.5,0.0,17.0,,0.0,23.53,2.0,2.0,0.0,Brooklyn,Williamsburg (North Side),Boro Zone,Queens,Steinway,Boro Zone
1,2023-01-29 05:10:38,2023-01-29 05:37:13,N,6.0,4,7,6.0,3.023,10.73,1.0,0.0,0.0,6.55,,0.0,18.28,2.0,2.0,0.0,Bronx,Allerton/Pelham Gardens,Boro Zone,Queens,Steinway,Boro Zone
1,2023-01-29 02:31:11,2023-01-29 03:11:42,N,1.0,75,74,0.0,0.14,2.87,2.5,0.5,0.0,6.55,,0.3,12.72,2.0,1.0,0.0,Manhattan,Bloomingdale,Boro Zone,Manhattan,Morningside Heights,Boro Zone
2,2023-01-11 11:47:30,2023-01-11 12:32:58,N,5.0,41,41,9.0,5.04,10.93,0.0,0.5,0.0,12.24,,0.3,26.47,2.0,1.0,2.5,Manhattan,Lincoln Square West,Yellow Zone,Manhattan,Lincoln Square West,Yellow Zone
1,2023-01-07 11:16:21,2023-01-07 11:47:18,N,3.0,41,239,9.0,2.555,8.08,0.5,0.5,0.0,0.0,,0.3,9.38,2.0,1.0,0.0,Manhattan,Lincoln Square West,Yellow Zone,Manhattan,Central Park,Yellow Zone
2,2023-01-28 03:18:44,2023-01-28 03:46:19,N,1.0,7,4,5.0,2.447,9.14,3.5,0.5,0.0,9.5,,0.3,25.44,2.0,1.0,2.5,Queens,Steinway,Boro Zone,Bronx,Allerton/Pelham Gardens,Boro Zone
1,2023-01-12 06:28:57,2023-01-12 06:42:38,N,2.0,74,41,0.0,5.153,11.82,1.0,0.5,0.83,17.0,,0.3,34.2,1.0,2.0,2.75,Manhattan,Morningside Heights,Boro Zone,Manhattan,Lincoln Square West,Yellow Zone
2,2023-01-15 09:36:39,2023-01-15 09:40:08,N,4.0,132,74,5.0,0.386,3.87,0.0,0.5,1.56,0.0,,0.3,8.98,1.0,1.0,2.75,Queens,LaGuardia Airport,Airports,Manhattan,Morningside Heights,Boro Zone
1,2023-01-21 21:31:58,2023-01-21 21:49:14,Y,5.0,4,1,5.0,0.327,3.52,5.5,0.5,0.0,0.0,,0.3,12.32,2.0,1.0,2.5,Bronx,Allerton/Pelham Gardens,Boro Zone,Unknown,Unknown,Unknown
2,2023-01-27 22:29:45,2023-01-27 22:54:02,Y,1.0,74,239,2.0,2.053,7.42,3.0,0.5,0.0,9.5,,0.3,23.22,2.0,2.0,2.5,Manhattan,Morningside Heights,Boro Zone,Manhattan,Central Park,Yellow Zone
1,2023-01-03 09:35:52,2023-01-03 09:40:29,Y,5.0,239,74,3.0,0.737,5.07,5.5,0.0,0.0,9.5,,0.0,22.57,2.0,1.0,2.5,Manhattan,Central Park,Yellow Zone,Manhattan,Morningside Heights,Boro Zone
1,2023-01-25 16:49:31,2023-01-25 17:12:28,N,3.0,138,142,4.0,3.817,8.2,4.0,0.5,0.0,12.24,,0.0,27.44,2.0,1.0,2.5,Queens,JFK Airport,Airports,Queens,Steinway,Boro Zone
1,2023-01-22 01:00:36,2023-01-22 01:16:50,Y,2.0,74,239,2.0,3.483,10.6,5.5,0.0,2.59,9.5,,0.0,30.69,1.0,1.0,2.5,Manhattan,Morningside Heights,Boro Zone,Manhattan,Central Park,Yellow Zone
2,2023-01-10 02:30:35,2023-01-10 03:05:02,Y,1.0,41,132,0.0,3.455,9.13,5.0,0.5,0.0,9.5,,0.3,24.43,1.0,1.0,0.0,Manhattan,Lincoln Square West,Yellow Zone,Queens,LaGuardia Airport,Airports
1,2023-01-24 12:38:29,2023-01-24 13:01:00,N,1.0,239,1,4.0,2.829,5.81,0.0,0.0,1.43,17.0,,0.3,27.29,1.0,1.0,2.75,Manhattan,Central Park,Yellow Zone,Unknown,Unknown,Unknown
1,2023-01-14 14:53:12,2023-01-14 15:34:40,Y,2.0,7,74,5.0,3.047,11.44,0.0,0.0,0.0,0.0,,0.0,14.19,2.0,2.0,2.75,Queens,Steinway,Boro Zone,Manhattan,Morningside Heights,Boro Zone
1,2023-01-08 04:43:45,2023-01-08 04:52:55,Y,1.0,138,239,0.0,0.898,5.18,3.0,0.0,2.12,9.5,,0.0,22.3,1.0,1.0,2.5,Queens,JFK Airport,Airports,Manhattan,Central Park,Yellow Zone
1,2023-01-10 12:18:55,2023-01-10 12:47:14,N,3.0,75,4,2.0,3.284,10.63,2.75,0.0,0.0,0.0,,0.0,15.88,2.0,2.0,2.5,Manhattan,Bloomingdale,Boro Zone,Bronx,Allerton/Pelham Gardens,Boro Zone
1,2023-01-28 17:42:04,2023-01-28 18:10:38,N,1.0,7,138,5.0,0.965,5.39,0.5,0.5,2.63,6.55,,0.0,18.32,1.0,2.0,2.75,Queens,Steinway,Boro Zone,Queens,JFK Airport,Airports
2,2023-01-02 07:49:49,2023-01-02 08:26:10,Y,1.0,132,181,5.0,1.124,6.75,2.75,0.0,0.0,17.0,,0.3,29.3,2.0,2.0,2.5,Queens,LaGuardia Airport,Airports,Brooklyn,Williamsburg (North Side),Boro Zone
1,2023-01-11 05:14:54,2023-01-11 05:59:51,N,3.0,41,132,6.0,3.334,12.19,1.25,0.0,0.0,6.55,,0.3,23.04,2.0,1.0,2.75,Manhattan,Lincoln Square West,Yellow Zone,Queens,LaGuardia Airport,Airports
2,2023-01-02 02:46:33,2023-01-02 03:06:57,Y,4.0,138,1,9.0,4.043,10.88,3.0,0.0,0.0,0.0,,0.0,13.88,2.0,2.0,0.0,Queens,JFK Airport,Airports,Unknown,Unknown,Unknown
1,2023-01-18 02:34:41,2023-01-18 02:46:23,Y,1.0,75,263,5.0,1.115,7.21,1.25,0.5,0.0,12.24,,0.0,23.95,2.0,1.0,2.75,Manhattan,Bloomingdale,Boro Zone,Brooklyn,Greenpoint,Boro Zone
2,2023-01-23 06:09:27,2023-01-23 06:22:12,N,99.0,4,142,4.0,5.573,15.73,5.0,0.5,0.0,12.24,,0.3,36.27,2.0,2.0,2.5,Bronx,Allerton/Pelham Gardens,Boro Zone,Queens,Steinway,Boro Zone
1,2023-01-27 14:32:36,2023-01-27 14:54:47,N,1.0,239,138,1.0,0.513,5.24,1.5,0.5,0.76,0.0,,0.3,8.3,1.0,1.0,0.0,Manhattan,Central Park,Yellow Zone,Queens,JFK Airport,Airports
1,2023-01-13 17:54:27,2023-01-13 18:33:51,Y,4.0,239,132,0.0,3.378,9.26,1.0,0.5,0.0,6.55,,0.3,17.61,2.0,1.0,0.0,Manhattan,Central Park,Yellow Zone,Queens,LaGuardia Airport,Airports
2,2023-01-07 07:04:58,2023-01-07 07:24:53,N,2.0,4,4,4.0,5.733,13.97,3.75,0.5,0.0,12.24,,0.3,33.51,2.0,2.0,2.75,Bronx,Allerton/Pelham Gardens,Boro Zone,Bronx,Allerton/Pelham Gardens,Boro Zone
1,2023-01-31 13:32:08,2023-01-31 14:15:01,Y,4.0,41,41,1.0,0.864,3.5,2.5,0.5,0.0,17.0,,0.3,26.3,2.0,2.0,2.5,Manhattan,Lincoln Square West,Yellow Zone,Manhattan,Lincoln Square West,Yellow Zone
1,2023-01-04 05:32:23,2023-01-04 05:45:44,N,6.0,239,1,2.0,5.777,13.26,2.75,0.5,0.0,6.55,,0.0,25.56,2.0,2.0,2.5,Manhattan,Central Park,Yellow Zone,Unknown,Unknown,Unknown
2,2023-01-25 23:09:33,2023-01-25 23:25:22,N,4.0,1,132,2.0,4.997,13.78,3.0,0.0,0.0,5.76,,0.3,25.34,2.0,2.0,2.5,Unknown,Unknown,Unknown,Queens,LaGuardia Airport,Airports
2,2023-01-04 19:20:21,2023-01-04 19:41:50,N,3.0,132,7,0.0,2.638,8.85,0.0,0.0,0.0,0.0,,0.0,11.35,2.0,1.0,2.5,Queens,LaGuardia Airport,Airports,Queens,Steinway,Boro Zone
2,2023-01-26 20:23:57,2023-01-26 20:38:09,Y,4.0,75,132,5.0,4.332,11.61,2.0,0.5,1.97,0.0,,0.3,16.38,1.0,1.0,0.0,Manhattan,Bloomingdale,Boro Zone,Queens,LaGuardia Airport,Airports
2,2023-01-04 07:37:43,2023-01-04 08:23:22,Y,6.0,4,7,1.0,3.577,12.1,5.5,0.5,2.95,6.55,,0.0,30.1,1.0,1.0,2.5,Bronx,Allerton/Pelham Gardens,Boro Zone,Queens,Steinway,Boro Zone
1,2023-01-25 00:56:07,2023-01-25 01:23:36,N,6.0,7,263,6.0,2.572,8.75,3.5,0.5,0.0,12.24,,0.3,25.29,2.0,1.0,0.0,Queens,Steinway,Boro Zone,Brooklyn,Greenpoint,Boro Zone
2,2023-01-06 02:03:59,2023-01-06 02:48:05,N,5.0,181,4,1.0,2.995,8.49,5.0,0.5,2.22,17.0,,0.0,35.96,1.0,2.0,2.75,Brooklyn,Williamsburg (North Side),Boro Zone,Bronx,Allerton/Pelham Gardens,Boro Zone
2,2023-01-20 05:23:35,2023-01-20 05:34:09,Y,5.0,142,142,4.0,0.752,3.1,2.0,0.5,0.0,0.0,,0.0,8.1,1.0,1.0,2.5,Queens,Steinway,Boro Zone,Queens,Steinway,Boro Zone
1,2023-01-28 20:22:06,2023-01-28 20:55:00,N,5.0,142,239,6.0,3.248,9.23,5.0,0.0,1.11,6.55,,0.0,24.64,1.0,2.0,2.75,Queens,Steinway,Boro Zone,Manhattan,Central Park,Yellow Zone
2,2023-01-31 08:05:58,2023-01-31 08:19:46,N,2.0,132,4,5.0,1.328,6.25,5.0,0.0,0.0,6.55,,0.3,20.85,2.0,2.0,2.75,Queens,LaGuardia Airport,Airports,Bronx,Allerton/Pelham Gardens,Boro Zone
2,2023-01-08 02:04:02,2023-01-08 02:16:35,Y,4.0,75,132,6.0,2.768,7.77,1.5,0.5,0.0,9.5,,0.0,19.27,1.0,2.0,0.0,Manhattan,Bloomingdale,Boro Zone,Queens,LaGuardia Airport,Airports
2,2023-01-01 00:46:15,2023-01-01 00:57:46,N,6.0,75,74,6.0,1.739,5.62,6.0,0.0,0.0,0.0,,0.0,14.12,2.0,1.0,2.5,Manhattan,Bloomingdale,Boro Zone,Manhattan,Morningside Heights,Boro Zone
2,2023-01-26 00:38:21,2023-01-26 01:19:28,N,4.0,132,74,5.0,0.864,3.53,5.5,0.0,0.0,17.0,,0.0,28.53,2.0,2.0,2.5,Queens,LaGuardia Airport,Airports,Manhattan,Morningside Heights,Boro Zone
2,2023-01-13 00:23:38,2023-01-13 00:33:06,Y,4.0,181,181,3.0,1.323,4.62,0.5,0.0,0.0,12.24,,0.0,17.36,1.0,2.0,0.0,Brooklyn,Williamsburg (North Side),Boro Zone,Brooklyn,Williamsburg (North Side),Boro Zone
2,2023-01-04 05:21:35,2023-01-04 05:59:11,N,6.0,142,132,0.0,0.14,4.06,1.25,0.0,2.86,9.5,,0.3,17.97,1.0,2.0,0.0,Queens,Steinway,Boro Zone,Queens,LaGuardia Airport,Airports
1,2023-01-22 08:41:40,2023-01-22 09:20:49,Y,6.0,239,263,9.0,0.102,2.73,5.0,0.0,0.0,0.0,,0.0,7.73,2.0,2.0,0.0,Manhattan,Central Park,Yellow Zone,Brooklyn,Greenpoint,Boro Zone
2,2023-01-11 11:59:39,2023-01-11 12:23:55,Y,4.0,239,75,2.0,2.763,7.97,1.25,0.0,0.0,0.0,,0.0,11.97,2.0,2.0,2.75,Manhattan,Central Park,Yellow Zone,Manhattan,Bloomingdale,Boro Zone
1,2023-01-06 17:54:00,2023-01-06 18:37:52,N,3.0,74,75,6.0,0.39,2.5,5.0,0.0,0.7,17.0,,0.3,25.5,1.0,1.0,0.0,Manhattan,Morningside Heights,Boro Zone,Manhattan,Bloomingdale,Boro Zone
2,2023-01-07 22:05:04,2023-01-07 22:21:45,N,4.0,7,4,4.0,2.238,7.57,5.5,0.0,0.0,12.24,,0.3,28.36,2.0,1.0,2.75,Queens,Steinway,Boro Zone,Bronx,Allerton/Pelham Gardens,Boro Zone
2,2023-01-03 17:51:08,2023-01-03 18:09:39,N,6.0,41,132,3.0,1.27,4.62,1.5,0.0,0.0,0.0,,0.3,8.92,2.0,2.0,2.5,Manhattan,Lincoln Square West,Yellow Zone,Queens,LaGuardia Airport,Airports
1,2023-01-15 20:57:56,2023-01-15 21:17:08,Y,6.0,4,75,3.0,3.721,9.86,1.5,0.5,0.0,5.76,,0.3,20.67,2.0,1.0,2.75,Bronx,Allerton/Pelham Gardens,Boro Zone,Manhattan,Bloomingdale,Boro Zone
2,2023-01-26 15:15:49,2023-01-26 15:36:48,N,1.0,75,74,6.0,5.267,14.46,6.0,0.5,1.62,0.0,,0.3,22.88,1.0,2.0,0.0,Manhattan,Bloomingdale,Boro Zone,Manhattan,Morningside Heights,Boro Zone
2,2023-01-10 05:33:03,2023-01-10 06:13:06,N,99.0,138,263,6.0,2.981,4.52,5.0,0.0,0.0,17.0,,0.3,26.82,2.0,2.0,0.0,Queens,JFK Airport,Airports,Brooklyn,Greenpoint,Boro Zone
2,2023-01-07 11:16:28,2023-01-07 11:35:16,N,99.0,263,1,1.0,2.672,5.96,5.5,0.0,2.54,0.0,,0.3,17.05,1.0,2.0,2.75,Brooklyn,Greenpoint,Boro Zone,Unknown,Unknown,Unknown
2,2023-01-22 11:29:57,2023-01-22 11:35:56,N,6.0,41,263,0.0,2.269,3.89,5.0,0.0,0.0,17.0,,0.0,28.64,2.0,1.0,2.75,Manhattan,Lincoln Square West,Yellow Zone,Brooklyn,Greenpoint,Boro Zone
1,2023-01-06 21:59:22,2023-01-06 22:38:59,N,3.0,7,181,1.0,3.755,9.68,0.5,0.0,1.8,0.0,,0.0,14.73,1.0,2.0,2.75,Queens,Steinway,Boro Zone,Brooklyn,Williamsburg (North Side),Boro Zone
2,2023-01-27 09:04:02,2023-01-27 09:39:17,Y,3.0,7,74,2.0,2.885,7.98,3.75,0.5,0.0,17.0,,0.3,29.53,1.0,2.0,0.0,Queens,Steinway,Boro Zone,Manhattan,Morningside Heights,Boro Zone
2,2023-01-25 04:50:13,2023-01-25 05:05:44,N,99.0,142,138,3.0,3.878,9.46,0.0,0.0,0.0,0.0,,0.0,9.46,2.0,1.0,0.0,Queens,Steinway,Boro Zone,Queens,JFK Airport,Airports
1,2023-01-29 03:34:35,2023-01-29 04:07:03,Y,4.0,1,239,6.0,4.351,10.41,3.5,0.5,0.0,0.0,,0.0,14.41,2.0,1.0,0.0,Unknown,Unknown,Unknown,Manhattan,Central Park,Yellow Zone
1,2023-01-22 13:54:05,2023-01-22 14:17:02,N,99.0,142,142,9.0,3.071,12.44,5.5,0.5,2.8,5.76,,0.0,27.0,1.0,1.0,0.0,Queens,Steinway,Boro Zone,Queens,Steinway,Boro Zone
2,2023-01-22 10:08:44,2023-01-22 10:52:33,N,2.0,74,263,6.0,1.935,5.57,5.5,0.0,0.62,0.0,,0.0,14.19,1.0,2.0,2.5,Manhattan,Morningside Heights,Boro Zone,Brooklyn,Greenpoint,Boro Zone
1,2023-01-15 05:53:16,2023-01-15 06:11:39,Y,3.0,41,181,4.0,0.29,2.5,1.25,0.5,0.0,0.0,,0.0,6.75,2.0,1.0,2.5,Manhattan,Lincoln Square West,Yellow Zone,Brooklyn,Williamsburg (North Side),Boro Zone
1,2023-01-12 12:06:18,2023-01-12 12:20:56,N,6.0,239,239,6.0,0.998,5.79,3.75,0.0,0.0,9.5,,0.3,22.09,2.0,2.0,2.75,Manhattan,Central Park,Yellow Zone,Manhattan,Central Park,Yellow Zone
1,2023-01-15 19:11:13,2023-01-15 19:29:42,Y,3.0,142,263,3.0,4.934,14.13,2.75,0.5,0.0,6.55,,0.0,23.93,2.0,2.0,0.0,Queens,Steinway,Boro Zone,Brooklyn,Greenpoint,Boro Zone
2,2023-01-29 09:51:38,2023-01-29 10:14:07,Y,5.0,181,74,0.0,1.542,4.69,3.5,0.0,0.0,17.0,,0.3,25.49,2.0,2.0,0.0,Brooklyn,Williamsburg (North Side),Boro Zone,Manhattan,Morningside Heights,Boro Zone
1,2023-01-09 21:10:42,2023-01-09 21:26:50,N,6.0,181,142,6.0,0.202,5.21,1.0,0.5,0.52,6.55,,0.0,16.28,1.0,1.0,2.5,Brooklyn,Williamsburg (North Side),Boro Zone,Queens,Steinway,Boro Zone
2,2023-01-22 18:56:22,2023-01-22 19:27:54,N,3.0,138,181,4.0,0.801,5.14,3.5,0.5,1.14,17.0,,0.3,30.08,1.0,2.0,2.5,Queens,JFK Airport,Airports,Brooklyn,Williamsburg (North Side),Boro Zone
1,2023-01-25 11:33:46,2023-01-25 11:46:46,N,1.0,142,74,3.0,0.592,2.5,1.0,0.0,1.07,0.0,,0.0,4.57,1.0,2.0,0.0,Queens,Steinway,Boro Zone,Manhattan,Morningside Heights,Boro Zone
2,2023-01-06 05:53:42,2023-01-06 06:38:12,N,1.0,181,239,9.0,0.884,5.41,0.0,0.5,0.0,6.55,,0.3,15.51,2.0,2.0,2.75,Brooklyn,Williamsburg (North Side),Boro Zone,Manhattan,Central Park,Yellow Zone
1,2023-01-03 09:22:28,2023-01-03 09:45:07,Y,3.0,1,41,1.0,1.884,7.27,1.25,0.5,0.0,0.0,,0.0,9.02,2.0,1.0,0.0,Unknown,Unknown,Unknown,Manhattan,Lincoln Square West,Yellow Zone
1,2023-01-30 20:46:28,2023-01-30 20:56:08,N,1.0,132,132,3.0,1.093,2.5,5.0,0.5,1.13,17.0,,0.0,28.63,1.0,2.0,2.5,Queens,LaGuardia Airport,Airports,Queens,LaGuardia Airport,Airports
1,2023-01-31 11:01:14,2023-01-31 11:19:19,N,3.0,138,132,1.0,2.553,5.85,5.5,0.5,2.6,0.0,,0.0,14.45,1.0,2.0,0.0,Queens,JFK Airport,Airports,Queens,LaGuardia Airport,Airports
2,2023-01-24 15:03:01,2023-01-24 15:41:51,N,6.0,138,138,4.0,1.75,6.14,3.5,0.0,0.0,0.0,,0.3,9.94,2.0,2.0,0.0,Queens,JFK Airport,Airports,Queens,JFK Airport,Airports
1,2023-01-19 04:42:18,2023-01-19 05:20:15,Y,99.0,239,263,0.0,5.697,13.17,5.0,0.5,3.29,0.0,,0.3,22.26,1.0,2.0,0.0,Manhattan,Central Park,Yellow Zone,Brooklyn,Greenpoint,Boro Zone
2,2023-01-27 14:53:06,2023-01-27 15:29:51,Y,2.0,142,132,6.0,4.851,12.04,0.5,0.0,0.0,0.0,,0.0,12.54,2.0,2.0,0.0,Queens,Steinway,Boro Zone,Queens,LaGuardia Airport,Airports
1,2023-01-07 02:10:49,2023-01-07 02:30:36,Y,3.0,132,239,9.0,0.761,3.32,5.0,0.5,0.0,5.76,,0.3,17.63,1.0,2.0,2.75,Queens,LaGuardia Airport,Airports,Manhattan,Central Park,Yellow Zone
2,2023-01-13 08:56:05,2023-01-13 09:41:31,Y,4.0,263,7,9.0,0.228,3.4,6.0,0.5,0.0,9.5,,0.3,22.2,2.0,1.0,2.5,Brooklyn,Greenpoint,Boro Zone,Queens,Steinway,Boro Zone
1,2023-01-27 16:12:28,2023-01-27 16:39:01,N,6.0,181,4,6.0,0.165,4.11,0.5,0.0,0.0,0.0,,0.3,7.41,1.0,1.0,2.5,Brooklyn,Williamsburg (North Side),Boro Zone,Bronx,Allerton/Pelham Gardens,Boro Zone
1,2023-01-04 02:34:09,2023-01-04 02:58:39,N,4.0,75,4,6.0,5.345,15.1,0.5,0.5,1.2,5.76,,0.3,23.36,1.0,2.0,0.0,Manhattan,Bloomingdale,Boro Zone,Bronx,Allerton/Pelham Gardens,Boro Zone
2,2023-01-20 23:01:42,2023-01-20 23:04:35,N,5.0,263,239,0.0,1.296,4.35,3.0,0.0,2.18,0.0,,0.0,12.28,1.0,2.0,2.75,Brooklyn,Greenpoint,Boro Zone,Manhattan,Central Park,Yellow Zone
2,2023-01-12 09:14:27,2023-01-12 09:37:47,N,3.0,74,263,4.0,2.724,8.29,3.5,0.0,0.0,9.5,,0.0,21.29,2.0,1.0,0.0,Manhattan,Morningside Heights,Boro Zone,Brooklyn,Greenpoint,Boro Zone
1,2023-01-26 11:29:00,2023-01-26 11:45:57,Y,4.0,74,75,4.0,5.283,14.24,2.0,0.5,0.0,9.5,,0.3,29.29,2.0,2.0,2.75,Manhattan,Morningside Heights,Boro Zone,Manhattan,Bloomingdale,Boro Zone
1,2023-01-20 23:51:52,2023-01-21 00:14:15,Y,6.0,263,239,4.0,0.725,4.13,5.5,0.0,0.0,0.0,,0.3,12.68,1.0,1.0,2.75,Brooklyn,Greenpoint,Boro Zone,Manhattan,Central Park,Yellow Zone
1,2023-01-17 06:30:02,2023-01-17 07:15:48,Y,6.0,142,239,9.0,2.278,6.67,2.75,0.5,0.0,6.55,,0.3,19.27,2.0,2.0,2.5,Queens,Steinway,Boro Zone,Manhattan,Central Park,Yellow Zone
1,2023-01-10 21:25:41,2023-01-10 22:07:03,Y,1.0,132,74,3.0,0.865,6.72,0.5,0.0,1.71,0.0,,0.0,8.93,1.0,2.0,0.0,Queens,LaGuardia Airport,Airports,Manhattan,Morningside Heights,Boro Zone
1,2023-01-06 04:32:57,2023-01-06 05:11:52,N,99.0,41,239,3.0,3.111,8.98,0.5,0.5,0.0,6.55,,0.3,16.83,2.0,2.0,0.0,Manhattan,Lincoln Square West,Yellow Zone,Manhattan,Central Park,Yellow Zone
1,2023-01-10 10:51:38,2023-01-10 10:54:38,Y,6.0,142,1,9.0,0.695,5.22,2.75,0.5,3.06,0.0,,0.0,14.03,1.0,1.0,2.5,Queens,Steinway,Boro Zone,Unknown,Unknown,Unknown
2,2023-01-04 05:55:39,2023-01-04 06:40:50,Y,3.0,181,263,0.0,2.727,8.52,0.5,0.5,0.0,17.0,,0.3,29.32,2.0,1.0,2.5,Brooklyn,Williamsburg (North Side),Boro Zone,Brooklyn,Greenpoint,Boro Zone
2,2023-01-23 19:49:18,2023-01-23 20:19:15,N,2.0,142,132,0.0,0.944,5.52,3.0,0.0,0.0,0.0,,0.3,11.57,2.0,1.0,2.75,Queens,Steinway,Boro Zone,Queens,LaGuardia Airport,Airports
2,2023-01-28 02:01:26,2023-01-28 02:34:17,N,1.0,74,142,9.0,2.242,6.28,3.5,0.5,0.0,9.5,,0.3,22.83,2.0,1.0,2.75,Manhattan,Morningside Heights,Boro Zone,Queens,Steinway,Boro Zone
1,2023-01-09 15:31:48,2023-01-09 15:33:48,N,3.0,142,138,9.0,2.949,7.2,1.25,0.0,0.0,0.0,,0.3,11.5,2.0,1.0,2.75,Queens,Steinway,Boro Zone,Queens,JFK Airport,Airports
2,2023-01-16 09:53:24,2023-01-16 10:09:40,N,99.0,138,138,5.0,1.321,5.77,5.0,0.5,0.0,0.0,,0.0,14.02,1.0,2.0,2.75,Queens,JFK Airport,Airports,Queens,JFK Airport,Airports
1,2023-01-31 03:40:21,2023-01-31 03:59:08,N,2.0,142,75,2.0,1.054,6.46,1.25,0.0,0.0,9.5,,0.3,17.51,2.0,2.0,0.0,Queens,Steinway,Boro Zone,Manhattan,Bloomingdale,Boro Zone
1,2023-01-03 17:51:09,2023-01-03 18:00:23,Y,1.0,4,41,5.0,2.084,6.05,6.0,0.5,2.64,0.0,,0.3,18.24,1.0,1.0,2.75,Bronx,Allerton/Pelham Gardens,Boro Zone,Manhattan,Lincoln Square West,Yellow Zone
1,2023-01-19 05:35:26,2023-01-19 06:12:25,N,4.0,142,7,1.0,2.805,11.05,3.5,0.0,1.39,0.0,,0.0,18.69,1.0,2.0,2.75,Queens,Steinway,Boro Zone,Queens,Steinway,Boro Zone
2,2023-01-05 06:35:49,2023-01-05 06:54:52,Y,99.0,181,239,4.0,2.935,10.95,6.0,0.0,2.39,6.55,,0.0,28.64,1.0,2.0,2.75,Brooklyn,Williamsburg (North Side),Boro Zone,Manhattan,Central Park,Yellow Zone
1,2023-01-18 09:14:46,2023-01-18 10:00:40,Y,99.0,7,74,0.0,4.99,12.59,3.0,0.0,1.01,12.24,,0.0,31.59,1.0,1.0,2.75,Queens,Steinway,Boro Zone,Manhattan,Morningside Heights,Boro Zone
2,2023-01-09 15:36:50,2023-01-09 15:58:25,N,99.0,74,239,9.0,2.604,8.32,4.0,0.0,0.0,5.76,,0.0,20.83,2.0,2.0,2.75,Manhattan,Morningside Heights,Boro Zone,Manhattan,Central Park,Yellow Zone
1,2023-01-11 19:56:23,2023-01-11 20:21:39,N,4.0,142,7,0.0,2.504,9.9,1.25,0.5,0.95,9.5,,0.3,24.9,1.0,1.0,2.5,Queens,Steinway,Boro Zone,Queens,Steinway,Boro Zone
2,2023-01-03 01:43:21,2023-01-03 01:58:57,N,6.0,263,181,3.0,1.902,5.29,1.0,0.5,0.0,5.76,,0.0,12.55,2.0,2.0,0.0,Brooklyn,Greenpoint,Boro Zone,Brooklyn,Williamsburg (North Side),Boro Zone
2,2023-01-28 23:20:26,2023-01-28 23:37:53,Y,4.0,263,74,2.0,2.378,4.98,5.0,0.0,0.0,0.0,,0.0,9.98,2.0,2.0,0.0,Brooklyn,Greenpoint,Boro Zone,Manhattan,Morningside Heights,Boro Zone
2,2023-01-20 21:05:34,2023-01-20 21:10:27,Y,4.0,263,132,0.0,0.622,2.5,3.75,0.0,0.0,0.0,,0.0,9.0,2.0,2.0,2.75,Brooklyn,Greenpoint,Boro Zone,Queens,LaGuardia Airport,Airports
2,2023-01-22 20:26:47,2023-01-22 20:35:42,N,3.0,132,75,0.0,1.861,5.23,5.5,0.5,0.0,6.55,,0.0,20.53,2.0,2.0,2.75,Queens,LaGuardia Airport,Airports,Manhattan,Bloomingdale,Boro Zone
2,2023-01-28 00:14:07,2023-01-28 00:50:36,N,99.0,263,138,6.0,2.564,10.08,5.0,0.0,0.78,6.55,,0.3,22.71,1.0,2.0,0.0,Brooklyn,Greenpoint,Boro Zone,Queens,JFK Airport,Airports
1,2023-01-28 01:33:21,2023-01-28 02:18:05,N,2.0,41,4,1.0,4.628,12.14,3.0,0.5,1.26,9.5,,0.3,29.45,1.0,1.0,2.75,Manhattan,Lincoln Square West,Yellow Zone,Bronx,Allerton/Pelham Gardens,Boro Zone
2,2023-01-10 13:54:39,2023-01-10 14:37:56,Y,99.0,142,132,4.0,2.75,5.58,4.0,0.5,1.85,0.0,,0.0,14.68,1.0,2.0,2.75,Queens,Steinway,Boro Zone,Queens,LaGuardia Airport,Airports
2,2023-01-01 18:56:47,2023-01-01 19:01:28,Y,1.0,138,1,1.0,0.976,4.31,2.75,0.5,0.0,0.0,,0.0,10.06,2.0,1.0,2.5,Queens,JFK Airport,Airports,Unknown,Unknown,Unknown
1,2023-01-06 02:50:44,2023-01-06 03:24:05,N,3.0,7,4,4.0,2.955,8.05,3.75,0.0,3.14,0.0,,0.3,17.99,1.0,1.0,2.75,Queens,Steinway,Boro Zone,Bronx,Allerton/Pelham Gardens,Boro Zone
1,2023-01-21 16:40:53,2023-01-21 16:53:05,N,4.0,263,74,1.0,5.169,14.44,1.0,0.5,0.0,0.0,,0.3,16.24,1.0,1.0,0.0,Brooklyn,Greenpoint,Boro Zone,Manhattan,Morningside Heights,Boro Zone
2,2023-01-26 19:27:18,2023-01-26 19:38:36,Y,4.0,181,138,1.0,1.076,4.36,2.0,0.5,0.0,5.76,,0.3,15.42,2.0,2.0,2.5,Brooklyn,Williamsburg (North Side),Boro Zone,Queens,JFK Airport,Airports
2,2023-01-28 20:13:51,2023-01-28 20:38:20,N,99.0,138,4,2.0,3.909,9.64,1.0,0.0,0.0,17.0,,0.3,30.69,2.0,1.0,2.75,Queens,JFK Airport,Airports,Bronx,Allerton/Pelham Gardens,Boro Zone
1,2023-01-09 18:01:19,2023-01-09 18:27:28,Y,4.0,239,7,9.0,2.811,6.86,0.0,0.0,0.0,0.0,,0.3,7.16,2.0,1.0,0.0,Manhattan,Central Park,Yellow Zone,Queens,Steinway,Boro Zone
2,2023-01-30 02:58:21,2023-01-30 03:35:12,Y,5.0,181,41,2.0,1.795,5.22,0.5,0.5,0.0,0.0,,0.3,9.02,2.0,2.0,2.5,Brooklyn,Williamsburg (North Side),Boro Zone,Manhattan,Lincoln Square West,Yellow Zone
1,2023-01-14 10:25:14,2023-01-14 10:47:34,Y,99.0,41,239,6.0,1.795,5.91,0.0,0.5,1.3,0.0,,0.3,8.01,1.0,2.0,0.0,Manhattan,Lincoln Square West,Yellow Zone,Manhattan,Central Park,Yellow Zone
2,2023-01-02 11:40:47,2023-01-02 11:43:58,Y,99.0,263,181,0.0,1.501,3.42,2.5,0.5,0.0,0.0,,0.3,9.47,2.0,2.0,2.75,Brooklyn,Greenpoint,Boro Zone,Brooklyn,Williamsburg (North Side),Boro Zone
1,2023-01-16 18:10:25,2023-01-16 18:47:17,Y,5.0,1,132,9.0,0.956,5.98,5.0,0.5,0.0,12.24,,0.3,24.02,2.0,1.0,0.0,Unknown,Unknown,Unknown,Queens,LaGuardia Airport,Airports
2,2023-01-11 21:12:15,2023-01-11 21:55:26,N,2.0,74,138,6.0,3.925,7.4,2.0,0.0,0.0,9.5,,0.3,21.95,2.0,1.0,2.75,Manhattan,Morningside Heights,Boro Zone,Queens,JFK Airport,Airports
1,2023-01-13 14:15:29,2023-01-13 14:43:27,N,5.0,181,4,1.0,6.572,17.6,3.75,0.0,2.28,17.0,,0.0,43.38,1.0,1.0,2.75,Brooklyn,Williamsburg (North Side),Boro Zone,Bronx,Allerton/Pelham Gardens,Boro Zone
1,2023-01-04 04:12:29,2023-01-04 04:54:28,Y,6.0,4,1,2.0,3.604,11.52,0.0,0.5,0.0,0.0,,0.0,12.02,2.0,1.0,0.0,Bronx,Allerton/Pelham Gardens,Boro Zone,Unknown,Unknown,Unknown
2,2023-01-06 02:02:38,2023-01-06 02:21:33,N,5.0,41,4,0.0,1.716,5.38,2.75,0.0,0.48,0.0,,0.3,11.41,1.0,2.0,2.5,Manhattan,Lincoln Square West,Yellow Zone,Bronx,Allerton/Pelham Gardens,Boro Zone
2,2023-01-27 20:30:20,2023-01-27 20:43:56,N,3.0,142,239,1.0,3.033,8.0,0.5,0.0,4.11,0.0,,0.0,15.11,1.0,1.0,2.5,Queens,Steinway,Boro Zone,Manhattan,Central Park,Yellow Zone
1,2023-01-02 09:24:03,2023-01-02 09:44:15,N,4.0,263,239,2.0,1.919,8.33,0.0,0.5,1.72,0.0,,0.0,10.55,1.0,2.0,0.0,Brooklyn,Greenpoint,Boro Zone,Manhattan,Central Park,Yellow Zone
2,2023-01-29 19:28:51,2023-01-29 19:59:10,Y,4.0,1,1,5.0,0.695,5.8,1.5,0.5,3.42,0.0,,0.0,11.22,1.0,1.0,0.0,Unknown,Unknown,Unknown,Unknown,Unknown,Unknown
1,2023-01-02 23:29:08,2023-01-03 00:06:37,N,5.0,239,181,6.0,0.643,6.14,0.5,0.5,0.0,6.55,,0.0,16.19,2.0,2.0,2.5,Manhattan,Central Park,Yellow Zone,Brooklyn,Williamsburg (North Side),Boro Zone
1,2023-01-22 04:25:14,2023-01-22 04:55:49,N,6.0,4,132,3.0,0.653,2.5,6.0,0.0,0.0,0.0,,0.3,11.55,1.0,1.0,2.75,Bronx,Allerton/Pelham Gardens,Boro Zone,Queens,LaGuardia Airport,Airports
1,2023-01-15 18:34:45,2023-01-15 18:51:41,N,5.0,75,4,6.0,2.458,5.72,2.75,0.0,0.0,0.0,,0.0,8.47,2.0,1.0,0.0,Manhattan,Bloomingdale,Boro Zone,Bronx,Allerton/Pelham Gardens,Boro Zone
2,2023-01-26 05:49:05,2023-01-26 05:55:24,N,1.0,41,181,0.0,3.042,11.71,5.5,0.5,0.0,9.5,,0.3,30.26,1.0,1.0,2.75,Manhattan,Lincoln Square West,Yellow Zone,Brooklyn,Williamsburg (North Side),Boro Zone
2,2023-01-09 16:43:13,2023-01-09 16:57:54,N,99.0,142,239,6.0,3.809,10.49,2.0,0.0,0.0,5.76,,0.3,18.55,1.0,1.0,0.0,Queens,Steinway,Boro Zone,Manhattan,Central Park,Yellow Zone
2,2023-01-06 18:56:41,2023-01-06 19:28:11,Y,99.0,132,142,2.0,3.807,12.86,4.0,0.5,0.0,6.55,,0.3,24.21,2.0,2.0,0.0,Queens,LaGuardia Airport,Airports,Queens,Steinway,Boro Zone
2,2023-01-11 06:26:38,2023-01-11 06:47:08,N,2.0,138,74,5.0,6.307,14.19,2.0,0.0,0.0,5.76,,0.3,25.0,2.0,1.0,2.75,Queens,JFK Airport,Airports,Manhattan,Morningside Heights,Boro Zone
1,2023-01-08 14:22:01,2023-01-08 14:25:02,N,1.0,4,239,0.0,3.483,6.64,3.75,0.0,0.0,17.0,,0.3,30.44,2.0,2.0,2.75,Bronx,Allerton/Pelham Gardens,Boro Zone,Manhattan,Central Park,Yellow Zone
1,2023-01-17 09:40:31,2023-01-17 10:21:23,Y,99.0,74,138,9.0,0.806,3.31,3.75,0.0,0.0,0.0,,0.3,9.86,2.0,2.0,2.5,Manhattan,Morningside Heights,Boro Zone,Queens,JFK Airport,Airports
1,2023-01-27 04:17:58,2023-01-27 04:40:01,Y,4.0,142,132,5.0,3.2,12.54,6.0,0.0,2.88,5.76,,0.3,27.48,1.0,1.0,0.0,Queens,Steinway,Boro Zone,Queens,LaGuardia Airport,Airports
2,2023-01-05 19:18:25,2023-01-05 20:01:48,Y,1.0,142,181,4.0,0.896,3.21,5.0,0.0,0.0,0.0,,0.0,10.71,2.0,1.0,2.5,Queens,Steinway,Boro Zone,Brooklyn,Williamsburg (North Side),Boro Zone
1,2023-01-25 18:08:49,2023-01-25 18:52:59,Y,2.0,239,1,6.0,2.234,6.29,0.5,0.5,2.29,0.0,,0.3,9.88,1.0,1.0,0.0,Manhattan,Central Park,Yellow Zone,Unknown,Unknown,Unknown
1,2023-01-25 10:46:08,2023-01-25 10:49:56,Y,2.0,132,4,4.0,3.524,12.22,6.0,0.0,0.32,9.5,,0.3,28.34,1.0,2.0,0.0,Queens,LaGuardia Airport,Airports,Bronx,Allerton/Pelham Gardens,Boro Zone
2,2023-01-10 22:00:41,2023-01-10 22:44:20,Y,4.0,132,4,0.0,1.581,7.4,5.5,0.5,0.0,9.5,,0.3,25.7,2.0,1.0,2.5,Queens,LaGuardia Airport,Airports,Bronx,Allerton/Pelham Gardens,Boro Zone
2,2023-01-06 03:31:58,2023-01-06 04:10:51,N,3.0,7,41,0.0,0.15,4.41,6.0,0.0,0.0,0.0,,0.0,12.91,2.0,2.0,2.5,Queens,Steinway,Boro Zone,Manhattan,Lincoln Square West,Yellow Zone
2,2023-01-08 22:22:18,2023-01-08 23:04:33,Y,3.0,75,75,1.0,2.786,7.64,6.0,0.0,0.0,0.0,,0.0,16.39,2.0,1.0,2.75,Manhattan,Bloomingdale,Boro Zone,Manhattan,Bloomingdale,Boro Zone
1,2023-01-13 00:25:47,2023-01-13 01:06:55,N,3.0,1,132,1.0,1.607,5.24,3.75,0.0,0.0,17.0,,0.0,28.49,2.0,1.0,2.5,Unknown,Unknown,Unknown,Queens,LaGuardia Airport,Airports
2,2023-01-06 19:31:04,2023-01-06 20:06:51,N,2.0,239,1,1.0,2.159,6.93,2.75,0.0,0.0,0.0,,0.3,9.98,2.0,1.0,0.0,Manhattan,Central Park,Yellow Zone,Unknown,Unknown,Unknown
2,2023-01-15 14:19:39,2023-01-15 14:57:02,Y,6.0,7,138,9.0,1.709,9.36,3.5,0.0,1.21,0.0,,0.0,14.07,1.0,2.0,0.0,Queens,Steinway,Boro Zone,Queens,JFK Airport,Airports
1,2023-01-23 19:34:37,2023-01-23 19:38:05,Y,1.0,4,41,9.0,2.894,10.21,0.0,0.5,1.55,5.76,,0.3,18.32,1.0,1.0,0.0,Bronx,Allerton/Pelham Gardens,Boro Zone,Manhattan,Lincoln Square West,Yellow Zone
2,2023-01-03 21:22:17,2023-01-03 21:37:53,N,4.0,263,181,1.0,7.363,14.72,3.5,0.5,3.8,17.0,,0.0,42.27,1.0,2.0,2.75,Brooklyn,Greenpoint,Boro Zone,Brooklyn,Williamsburg (North Side),Boro Zone
2,2023-01-17 22:16:43,2023-01-17 22:40:38,Y,3.0,1,138,0.0,3.786,11.12,2.75,0.5,1.83,6.55,,0.0,22.75,1.0,1.0,0.0,Unknown,Unknown,Unknown,Queens,JFK Airport,Airports
1,2023-01-29 19:44:32,2023-01-29 20:21:51,Y,5.0,74,75,2.0,2.474,7.28,3.75,0.5,0.0,17.0,,0.3,31.33,2.0,2.0,2.5,Manhattan,Morningside Heights,Boro Zone,Manhattan,Bloomingdale,Boro Zone
1,2023-01-24 14:34:20,2023-01-24 14:52:18,Y,1.0,181,142,2.0,2.655,7.47,1.5,0.5,1.94,0.0,,0.3,14.21,1.0,1.0,2.5,Brooklyn,Williamsburg (North Side),Boro Zone,Queens,Steinway,Boro Zone
2,2023-01-31 17:50:22,2023-01-31 18:05:27,N,3.0,7,75,0.0,3.338,9.61,3.0,0.0,0.0,12.24,,0.0,24.85,1.0,2.0,0.0,Queens,Steinway,Boro Zone,Manhattan,Bloomingdale,Boro Zone
1,2023-01-22 04:24:48,2023-01-22 05:07:41,Y,99.0,1,1,1.0,3.476,9.8,2.0,0.0,0.0,6.55,,0.3,21.4,2.0,2.0,2.75,Unknown,Unknown,Unknown,Unknown,Unknown,Unknown
2,2023-01-19 11:24:06,2023-01-19 12:06:04,N,4.0,41,132,5.0,3.364,10.18,1.0,0.0,0.0,6.55,,0.3,18.03,2.0,1.0,0.0,Manhattan,Lincoln Square West,Yellow Zone,Queens,LaGuardia Airport,Airports
1,2023-01-12 02:02:06,2023-01-12 02:38:22,Y,4.0,263,74,3.0,1.611,3.99,1.25,0.5,0.0,9.5,,0.3,18.29,2.0,1.0,2.75,Brooklyn,Greenpoint,Boro Zone,Manhattan,Morningside Heights,Boro Zone
1,2023-01-13 22:36:06,2023-01-13 23:09:45,N,1.0,75,132,1.0,2.52,7.73,2.0,0.0,0.0,12.24,,0.0,21.97,2.0,2.0,0.0,Manhattan,Bloomingdale,Boro Zone,Queens,LaGuardia Airport,Airports
2,2023-01-03 05:18:16,2023-01-03 05:50:37,Y,1.0,7,4,3.0,3.864,9.42,1.25,0.5,0.0,0.0,,0.0,11.17,2.0,1.0,0.0,Queens,Steinway,Boro Zone,Bronx,Allerton/Pelham Gardens,Boro Zone
1,2023-01-24 03:09:07,2023-01-24 03:54:29,Y,2.0,132,239,0.0,0.222,2.85,1.0,0.5,0.92,9.5,,0.0,14.77,1.0,2.0,0.0,Queens,LaGuardia Airport,Airports,Manhattan,Central Park,Yellow Zone
2,2023-01-29 10:00:57,2023-01-29 10:18:31,Y,3.0,138,239,9.0,2.037,8.04,1.25,0.5,0.0,12.24,,0.3,25.08,1.0,2.0,2.75,Queens,JFK Airport,Airports,Manhattan,Central Park,Yellow Zone
1,2023-01-18 21:27:44,2023-01-18 21:31:12,Y,2.0,41,1,3.0,0.264,3.44,1.25,0.5,0.0,17.0,,0.3,24.99,2.0,1.0,2.5,Manhattan,Lincoln Square West,Yellow Zone,Unknown,Unknown,Unknown
1,2023-01-20 18:08:50,2023-01-20 18:42:52,N,99.0,4,1,2.0,4.103,11.97,2.0,0.0,0.0,5.76,,0.0,22.48,2.0,1.0,2.75,Bronx,Allerton/Pelham Gardens,Boro Zone,Unknown,Unknown,Unknown
2,2023-01-04 02:51:55,2023-01-04 03:13:39,Y,6.0,181,4,1.0,4.372,12.41,5.0,0.5,0.0,0.0,,0.0,17.91,2.0,2.0,0.0,Brooklyn,Williamsburg (North Side),Boro Zone,Bronx,Allerton/Pelham Gardens,Boro Zone
2,2023-01-28 00:28:02,2023-01-28 01:07:28,Y,3.0,132,1,5.0,1.076,2.88,3.0,0.5,0.0,5.76,,0.3,14.94,2.0,2.0,2.5,Queens,LaGuardia Airport,Airports,Unknown,Unknown,Unknown
1,2023-01-18 23:31:33,2023-01-19 00:01:24,Y,2.0,263,1,3.0,3.009,10.69,2.75,0.0,0.0,0.0,,0.3,13.74,2.0,2.0,0.0,Brooklyn,Greenpoint,Boro Zone,Unknown,Unknown,Unknown
1,2023-01-23 05:36:07,2023-01-23 05:45:48,N,3.0,1,41,1.0,2.13,4.05,1.0,0.0,0.0,12.24,,0.3,20.09,2.0,1.0,2.5,Unknown,Unknown,Unknown,Manhattan,Lincoln Square West,Yellow Zone
2,2023-01-30 23:09:30,2023-01-30 23:23:57,N,4.0,142,263,9.0,2.552,8.61,2.75,0.5,0.0,17.0,,0.3,31.66,2.0,2.0,2.5,Queens,Steinway,Boro Zone,Brooklyn,Greenpoint,Boro Zone
1,2023-01-01 17:30:14,2023-01-01 17:43:28,Y,4.0,142,75,3.0,4.364,8.9,1.5,0.0,0.0,0.0,,0.3,10.7,2.0,1.0,0.0,Queens,Steinway,Boro Zone,Manhattan,Bloomingdale,Boro Zone
1,2023-01-29 00:04:53,2023-01-29 00:40:35,Y,1.0,142,138,5.0,2.664,6.82,0.0,0.0,0.0,5.76,,0.3,12.88,2.0,2.0,0.0,Queens,Steinway,Boro Zone,Queens,JFK Airport,Airports
2,2023-01-08 15:23:17,2023-01-08 16:06:44,Y,6.0,263,263,2.0,0.545,5.98,5.5,0.5,0.0,17.0,,0.0,31.48,2.0,2.0,2.5,Brooklyn,Greenpoint,Boro Zone,Brooklyn,Greenpoint,Boro Zone
1,2023-01-21 20:41:42,2023-01-21 20:54:20,N,6.0,75,4,2.0,3.233,6.92,5.5,0.5,0.81,0.0,,0.0,13.73,1.0,2.0,0.0,Manhattan,Bloomingdale,Boro Zone,Bronx,Allerton/Pelham Gardens,Boro Zone
2,2023-01-20 07:49:31,2023-01-20 08:34:21,N,3.0,181,181,1.0,1.526,5.32,2.0,0.0,0.0,0.0,,0.3,10.37,2.0,1.0,2.75,Brooklyn,Williamsburg (North Side),Boro Zone,Brooklyn,Williamsburg (North Side),Boro Zone
1,2023-01-10 18:29:16,2023-01-10 18:34:26,N,2.0,75,263,2.0,2.566,8.38,1.5,0.0,0.0,0.0,,0.3,12.93,2.0,2.0,2.75,Manhattan,Bloomingdale,Boro Zone,Brooklyn,Greenpoint,Boro Zone
2,2023-01-09 11:14:18,2023-01-09 11:44:11,N,99.0,1,132,4.0,4.781,12.44,2.0,0.0,2.51,0.0,,0.0,16.95,1.0,2.0,0.0,Unknown,Unknown,Unknown,Queens,LaGuardia Airport,Airports
2,2023-01-17 21:18:16,2023-01-17 21:48:34,N,2.0,1,181,6.0,2.339,7.18,0.5,0.5,0.0,0.0,,0.0,10.68,1.0,2.0,2.5,Unknown,Unknown,Unknown,Brooklyn,Williamsburg (North Side),Boro Zone
2,2023-01-29 05:10:39,2023-01-29 05:42:30,Y,2.0,74,75,1.0,0.53,3.2,3.75,0.0,0.0,17.0,,0.0,26.7,2.0,1.0,2.75,Manhattan,Morningside Heights,Boro Zone,Manhattan,Bloomingdale,Boro Zone
1,2023-01-23 13:21:28,2023-01-23 14:01:09,N,3.0,4,41,3.0,4.924,14.57,1.25,0.5,1.4,9.5,,0.0,29.72,1.0,2.0,2.5,Bronx,Allerton/Pelham Gardens,Boro Zone,Manhattan,Lincoln Square West,Yellow Zone
1,2023-01-13 06:25:26,2023-01-13 06:52:07,N,99.0,138,239,6.0,2.52,6.57,2.5,0.0,0.0,0.0,,0.0,9.07,2.0,2.0,0.0,Queens,JFK Airport,Airports,Manhattan,Central Park,Yellow Zone
2,2023-01-04 05:42:00,2023-01-04 05:53:09,Y,2.0,4,138,3.0,2.939,8.65,1.5,0.5,0.0,0.0,,0.3,10.95,2.0,1.0,0.0,Bronx,Allerton/Pelham Gardens,Boro Zone,Queens,JFK Airport,Airports
2,2023-01-05 16:50:45,2023-01-05 17:19:36,N,2.0,1,181,0.0,0.877,3.0,1.0,0.5,0.0,5.76,,0.0,12.76,1.0,2.0,2.5,Unknown,Unknown,Unknown,Brooklyn,Williamsburg (North Side),Boro Zone
2,2023-01-28 09:53:37,2023-01-28 09:58:53,N,5.0,138,138,0.0,4.901,13.66,4.0,0.0,0.0,5.76,,0.3,26.47,2.0,2.0,2.75,Queens,JFK Airport,Airports,Queens,JFK Airport,Airports
2,2023-01-31 05:45:36,2023-01-31 05:54:05,N,5.0,263,132,2.0,0.815,3.74,2.5,0.0,0.0,17.0,,0.0,25.99,2.0,2.0,2.75,Brooklyn,Greenpoint,Boro Zone,Queens,LaGuardia Airport,Airports
1,2023-01-18 15:30:31,2023-01-18 15:51:06,Y,4.0,138,138,0.0,0.731,4.08,1.25,0.0,0.0,0.0,,0.3,8.38,2.0,1.0,2.75,Queens,JFK Airport,Airports,Queens,JFK Airport,Airports
1,2023-01-11 11:46:35,2023-01-11 12:16:50,N,4.0,181,74,1.0,4.112,10.97,2.0,0.0,0.0,12.24,,0.0,27.96,2.0,2.0,2.75,Brooklyn,Williamsburg (North Side),Boro Zone,Manhattan,Morningside Heights,Boro Zone
2,2023-01-08 01:38:44,2023-01-08 01:57:22,Y,5.0,7,138,0.0,4.364,11.7,2.75,0.0,0.0,9.5,,0.0,26.7,2.0,2.0,2.75,Queens,Steinway,Boro Zone,Queens,JFK Airport,Airports
2,2023-01-28 16:49:25,2023-01-28 17:01:26,Y,4.0,132,138,0.0,4.171,11.49,0.0,0.5,0.28,0.0,,0.0,15.02,1.0,2.0,2.75,Queens,LaGuardia Airport,Airports,Queens,JFK Airport,Airports
2,2023-01-17 00:38:24,2023-01-17 01:05:46,N,4.0,74,74,1.0,1.1,3.22,0.5,0.0,0.0,5.76,,0.3,9.78,2.0,2.0,0.0,Manhattan,Morningside Heights,Boro Zone,Manhattan,Morningside Heights,Boro Zone
1,2023-01-13 06:01:43,2023-01-13 06:27:04,Y,2.0,74,181,4.0,0.714,2.5,0.5,0.5,0.0,9.5,,0.0,13.0,1.0,2.0,0.0,Manhattan,Morningside Heights,Boro Zone,Brooklyn,Williamsburg (North Side),Boro Zone
2,2023-01-20 09:44:04,2023-01-20 10:16:00,Y,2.0,263,138,0.0,3.151,10.72,6.0,0.0,0.72,12.24,,0.3,32.73,1.0,1.0,2.75,Brooklyn,Greenpoint,Boro Zone,Queens,JFK Airport,Airports
2,2023-01-18 02:04:45,2023-01-18 02:20:46,N,1.0,75,239,0.0,3.72,8.04,0.0,0.5,0.0,9.5,,0.0,18.04,2.0,1.0,0.0,Manhattan,Bloomingdale,Boro Zone,Manhattan,Central Park,Yellow Zone
1,2023-01-08 02:44:33,2023-01-08 02:48:39,N,1.0,138,74,0.0,4.953,12.05,2.0,0.0,3.02,6.55,,0.0,23.62,1.0,1.0,0.0,Queens,JFK Airport,Airports,Manhattan,Morningside Heights,Boro Zone
1,2023-01-14 04:38:17,2023-01-14 05:13:00,N,5.0,4,263,1.0,2.787,9.89,5.5,0.5,0.34,0.0,,0.3,19.28,1.0,1.0,2.75,Bronx,Allerton/Pelham Gardens,Boro Zone,Brooklyn,Greenpoint,Boro Zone
2,2023-01-20 22:16:33,2023-01-20 23:01:38,Y,2.0,132,7,3.0,2.211,3.27,0.5,0.5,0.0,6.55,,0.3,11.12,1.0,2.0,0.0,Queens,LaGuardia Airport,Airports,Queens,Steinway,Boro Zone
1,2023-01-04 21:44:22,2023-01-04 22:01:52,N,2.0,239,75,9.0,6.29,16.41,1.25,0.0,0.0,5.76,,0.3,26.47,2.0,1.0,2.75,Manhattan,Central Park,Yellow Zone,Manhattan,Bloomingdale,Boro Zone
2,2023-01-16 20:05:28,2023-01-16 20:28:59,N,99.0,132,138,9.0,3.098,9.54,0.5,0.0,0.0,6.55,,0.3,16.89,2.0,2.0,0.0,Queens,LaGuardia Airport,Airports,Queens,JFK Airport,Airports
1,2023-01-17 01:32:42,2023-01-17 01:44:40,N,2.0,263,4,5.0,1.133,5.12,5.5,0.5,0.0,6.55,,0.0,20.17,1.0,2.0,2.5,Brooklyn,Greenpoint,Boro Zone,Bronx,Allerton/Pelham Gardens,Boro Zone
1,2023-01-18 12:59:14,2023-01-18 13:06:25,Y,2.0,1,239,0.0,3.664,10.26,3.5,0.0,0.0,0.0,,0.3,14.06,2.0,1.0,0.0,Unknown,Unknown,Unknown,Manhattan,Central Park,Yellow Zone
1,2023-01-06 13:49:59,2023-01-06 14:11:45,Y,3.0,75,138,9.0,2.297,6.0,1.5,0.0,0.91,6.55,,0.0,17.46,1.0,1.0,2.5,Manhattan,Bloomingdale,Boro Zone,Queens,JFK Airport,Airports
2,2023-01-28 15:38:47,2023-01-28 16:03:02,N,2.0,75,138,4.0,4.024,10.81,2.0,0.0,0.0,5.76,,0.3,21.62,2.0,1.0,2.75,Manhattan,Bloomingdale,Boro Zone,Queens,JFK Airport,Airports
2,2023-01-15 11:41:01,2023-01-15 11:55:53,N,2.0,4,7,3.0,5.987,15.37,3.0,0.0,3.67,0.0,,0.0,24.79,1.0,2.0,2.75,Bronx,Allerton/Pelham Gardens,Boro Zone,Queens,Steinway,Boro Zone
1,2023-01-09 18:58:15,2023-01-09 19:25:04,N,6.0,75,74,0.0,0.92,4.2,0.5,0.5,0.51,0.0,,0.0,5.71,1.0,1.0,0.0,Manhattan,Bloomingdale,Boro Zone,Manhattan,Morningside Heights,Boro Zone
1,2023-01-01 08:21:03,2023-01-01 08:36:43,Y,5.0,74,138,3.0,4.19,12.26,1.25,0.0,0.0,0.0,,0.3,16.56,2.0,2.0,2.75,Manhattan,Morningside Heights,Boro Zone,Queens,JFK Airport,Airports
1,2023-01-16 18:38:53,2023-01-16 18:53:35,Y,4.0,142,181,2.0,0.779,4.21,3.5,0.0,0.0,5.76,,0.3,16.27,2.0,1.0,2.5,Queens,Steinway,Boro Zone,Brooklyn,Williamsburg (North Side),Boro Zone
1,2023-01-26 11:23:36,2023-01-26 11:53:26,N,4.0,181,41,6.0,4.266,9.94,1.0,0.5,0.0,0.0,,0.3,14.24,2.0,1.0,2.5,Brooklyn,Williamsburg (North Side),Boro Zone,Manhattan,Lincoln Square West,Yellow Zone
2,2023-01-21 01:54:47,2023-01-21 02:28:06,N,99.0,263,181,1.0,1.567,5.72,5.0,0.5,3.15,0.0,,0.0,17.12,1.0,2.0,2.75,Brooklyn,Greenpoint,Boro Zone,Brooklyn,Williamsburg (North Side),Boro Zone
2,2023-01-25 15:29:42,2023-01-25 16:01:26,N,3.0,75,74,6.0,3.397,8.8,3.0,0.5,1.0,9.5,,0.0,25.3,1.0,2.0,2.5,Manhattan,Bloomingdale,Boro Zone,Manhattan,Morningside Heights,Boro Zone
1,2023-01-17 23:33:37,2023-01-17 23:52:38,Y,1.0,181,142,5.0,0.518,3.85,2.75,0.5,0.0,12.24,,0.3,22.14,2.0,2.0,2.5,Brooklyn,Williamsburg (North Side),Boro Zone,Queens,Steinway,Boro Zone
1,2023-01-28 19:15:10,2023-01-28 19:28:56,N,1.0,4,138,1.0,5.819,12.65,2.5,0.0,0.0,12.24,,0.0,29.89,2.0,2.0,2.5,Bronx,Allerton/Pelham Gardens,Boro Zone,Queens,JFK Airport,Airports
2,2023-01-10 21:42:34,2023-01-10 22:03:08,N,6.0,181,41,0.0,4.349,9.52,3.75,0.5,0.68,9.5,,0.3,27.0,1.0,1.0,2.75,Brooklyn,Williamsburg (North Side),Boro Zone,Manhattan,Lincoln Square West,Yellow Zone
2,2023-01-25 12:23:14,2023-01-25 13:08:08,Y,6.0,41,239,2.0,3.272,8.79,1.5,0.5,1.38,0.0,,0.0,14.67,1.0,1.0,2.5,Manhattan,Lincoln Square West,Yellow Zone,Manhattan,Central Park,Yellow Zone
1,2023-01-11 08:33:21,2023-01-11 08:47:15,N,4.0,138,142,1.0,3.889,8.9,3.0,0.0,0.0,0.0,,0.3,12.2,2.0,2.0,0.0,Queens,JFK Airport,Airports,Queens,Steinway,Boro Zone
2,2023-01-29 20:35:30,2023-01-29 21:05:28,N,6.0,142,138,6.0,1.209,8.03,5.0,0.0,0.0,9.5,,0.0,25.28,2.0,1.0,2.75,Queens,Steinway,Boro Zone,Queens,JFK Airport,Airports
1,2023-01-20 16:07:40,2023-01-20 16:32:39,N,6.0,138,263,4.0,0.462,5.87,0.0,0.0,0.0,9.5,,0.3,15.67,1.0,1.0,0.0,Queens,JFK Airport,Airports,Brooklyn,Greenpoint,Boro Zone
2,2023-01-31 16:09:56,2023-01-31 16:36:36,N,6.0,181,74,6.0,5.59,12.81,1.0,0.0,0.16,17.0,,0.3,31.27,1.0,1.0,0.0,Brooklyn,Williamsburg (North Side),Boro Zone,Manhattan,Morningside Heights,Boro Zone
1,2023-01-21 10:11:34,2023-01-21 10:56:16,N,5.0,142,263,3.0,1.097,3.12,1.0,0.0,0.0,0.0,,0.0,6.87,1.0,1.0,2.75,Queens,Steinway,Boro Zone,Brooklyn,Greenpoint,Boro Zone
2,2023-01-03 23:46:00,2023-01-04 00:26:22,Y,99.0,239,7,2.0,0.886,2.68,0.5,0.5,0.0,17.0,,0.0,23.18,1.0,2.0,2.5,Manhattan,Central Park,Yellow Zone,Queens,Steinway,Boro Zone
1,2023-01-05 04:05:06,2023-01-05 04:46:56,Y,4.0,132,1,9.0,4.368,10.3,3.75,0.0,0.0,5.76,,0.0,19.81,2.0,1.0,0.0,Queens,LaGuardia Airport,Airports,Unknown,Unknown,Unknown
1,2023-01-07 00:01:30,2023-01-07 00:08:56,Y,2.0,7,7,0.0,3.307,11.78,2.5,0.5,0.0,12.24,,0.3,29.82,2.0,2.0,2.5,Queens,Steinway,Boro Zone,Queens,Steinway,Boro Zone
2,2023-01-23 00:38:44,2023-01-23 01:06:23,N,99.0,7,239,3.0,1.728,9.62,2.0,0.5,2.33,12.24,,0.3,29.74,1.0,2.0,2.75,Queens,Steinway,Boro Zone,Manhattan,Central Park,Yellow Zone
1,2023-01-19 23:33:47,2023-01-19 23:52:14,N,99.0,138,75,6.0,1.73,3.19,4.0,0.0,0.66,0.0,,0.0,10.6,1.0,2.0,2.75,Queens,JFK Airport,Airports,Manhattan,Bloomingdale,Boro Zone
2,2023-01-24 14:41:44,2023-01-24 14:48:54,N,5.0,132,7,9.0,3.989,9.12,3.0,0.5,0.0,6.55,,0.0,19.17,2.0,1.0,0.0,Queens,LaGuardia Airport,Airports,Queens,Steinway,Boro Zone
1,2023-01-17 09:58:34,2023-01-17 10:13:35,N,6.0,263,181,9.0,0.596,3.6,1.25,0.5,0.0,0.0,,0.3,8.4,1.0,2.0,2.75,Brooklyn,Greenpoint,Boro Zone,Brooklyn,Williamsburg (North Side),Boro Zone
1,2023-01-19 15:48:39,2023-01-19 16:24:39,N,3.0,142,132,3.0,4.681,12.21,4.0,0.0,0.0,0.0,,0.0,16.21,2.0,1.0,0.0,Queens,Steinway,Boro Zone,Queens,LaGuardia Airport,Airports
2,2023-01-14 04:47:29,2023-01-14 05:17:47,Y,4.0,239,263,1.0,4.134,11.43,2.75,0.0,3.55,9.5,,0.0,27.23,1.0,1.0,0.0,Manhattan,Central Park,Yellow Zone,Brooklyn,Greenpoint,Boro Zone
1,2023-01-14 13:07:53,2023-01-14 13:28:25,Y,3.0,132,239,6.0,0.702,2.95,5.0,0.5,0.0,12.24,,0.0,23.44,2.0,2.0,2.75,Queens,LaGuardia Airport,Airports,Manhattan,Central Park,Yellow Zone
1,2023-01-23 06:51:04,2023-01-23 06:58:24,N,1.0,138,138,5.0,5.657,11.98,5.5,0.0,0.0,17.0,,0.0,37.23,2.0,2.0,2.75,Queens,JFK Airport,Airports,Queens,JFK Airport,Airports
2,2023-01-29 06:32:10,2023-01-29 07:12:40,N,99.0,239,7,3.0,2.328,5.22,1.25,0.5,0.4,5.76,,0.0,15.63,1.0,1.0,2.5,Manhattan,Central Park,Yellow Zone,Queens,Steinway,Boro Zone
1,2023-01-02 04:33:00,2023-01-02 04:43:30,Y,5.0,41,1,5.0,2.274,8.65,1.0,0.5,2.2,5.76,,0.3,21.16,1.0,2.0,2.75,Manhattan,Lincoln Square West,Yellow Zone,Unknown,Unknown,Unknown
1,2023-01-19 12:38:40,2023-01-19 12:55:54,N,4.0,263,41,5.0,6.347,12.97,5.0,0.5,2.04,0.0,,0.0,23.26,1.0,1.0,2.75,Brooklyn,Greenpoint,Boro Zone,Manhattan,Lincoln Square West,Yellow Zone
2,2023-01-20 10:08:03,2023-01-20 10:51:47,N,2.0,1,142,4.0,2.335,5.71,5.5,0.0,0.0,17.0,,0.3,31.26,2.0,1.0,2.75,Unknown,Unknown,Unknown,Queens,Steinway,Boro Zone
1,2023-01-20 12:37:03,2023-01-20 12:47:32,Y,5.0,181,142,5.0,4.013,9.29,1.5,0.0,0.0,6.55,,0.3,20.39,2.0,1.0,2.75,Brooklyn,Williamsburg (North Side),Boro Zone,Queens,Steinway,Boro Zone
2,2023-01-11 03:16:57,2023-01-11 03:31:32,Y,99.0,181,138,5.0,0.906,7.39,1.0,0.0,1.11,0.0,,0.0,12.25,1.0,1.0,2.75,Brooklyn,Williamsburg (North Side),Boro Zone,Queens,JFK Airport,Airports
2,2023-01-30 11:33:15,2023-01-30 11:44:06,N,99.0,263,263,2.0,5.822,14.35,0.0,0.5,0.0,5.76,,0.3,23.41,2.0,2.0,2.5,Brooklyn,Greenpoint,Boro Zone,Brooklyn,Greenpoint,Boro Zone
1,2023-01-13 15:06:14,2023-01-13 15:47:52,N,3.0,138,142,3.0,1.835,5.06,4.0,0.5,0.0,0.0,,0.0,9.56,2.0,1.0,0.0,Queens,JFK Airport,Airports,Queens,Steinway,Boro Zone
2,2023-01-28 03:25:56,2023-01-28 03:58:20,Y,5.0,138,75,2.0,1.399,3.94,2.75,0.5,1.16,12.24,,0.3,20.89,1.0,1.0,0.0,Queens,JFK Airport,Airports,Manhattan,Bloomingdale,Boro Zone
1,2023-01-23 08:21:13,2023-01-23 09:01:40,N,6.0,239,7,1.0,0.721,3.98,3.75,0.0,0.0,0.0,,0.3,10.53,1.0,1.0,2.5,Manhattan,Central Park,Yellow Zone,Queens,Steinway,Boro Zone
2,2023-01-27 03:55:54,2023-01-27 04:16:58,Y,1.0,41,239,1.0,1.298,2.97,3.0,0.5,0.0,0.0,,0.3,6.77,2.0,1.0,0.0,Manhattan,Lincoln Square West,Yellow Zone,Manhattan,Central Park,Yellow Zone
1,2023-01-20 08:35:58,2023-01-20 08:53:21,N,4.0,132,263,4.0,3.072,9.44,4.0,0.0,0.0,5.76,,0.3,22.25,1.0,2.0,2.75,Queens,LaGuardia Airport,Airports,Brooklyn,Greenpoint,Boro Zone
2,2023-01-31 13:55:51,2023-01-31 14:05:08,N,3.0,41,1,0.0,0.117,4.22,0.5,0.0,0.0,0.0,,0.0,4.72,2.0,1.0,0.0,Manhattan,Lincoln Square West,Yellow Zone,Unknown,Unknown,Unknown
2,2023-01-02 05:56:32,2023-01-02 06:10:38,N,6.0,1,74,1.0,1.143,5.4,5.0,0.0,0.0,0.0,,0.3,13.2,2.0,2.0,2.5,Unknown,Unknown,Unknown,Manhattan,Morningside Heights,Boro Zone
1,2023-01-02 17:50:53,2023-01-02 18:17:47,N,1.0,4,1,2.0,3.191,12.21,2.5,0.0,0.0,0.0,,0.3,17.76,2.0,1.0,2.75,Bronx,Allerton/Pelham Gardens,Boro Zone,Unknown,Unknown,Unknown
1,2023-01-21 05:39:10,2023-01-21 06:14:37,Y,6.0,239,41,1.0,2.216,7.49,1.0,0.0,0.0,9.5,,0.0,20.74,2.0,2.0,2.75,Manhattan,Central Park,Yellow Zone,Manhattan,Lincoln Square West,Yellow Zone
1,2023-01-05 19:44:50,2023-01-05 20:12:37,Y,6.0,7,4,2.0,2.762,9.81,0.5,0.5,0.0,9.5,,0.0,20.31,1.0,2.0,0.0,Queens,Steinway,Boro Zone,Bronx,Allerton/Pelham Gardens,Boro Zone
1,2023-01-11 16:13:46,2023-01-11 16:23:36,N,6.0,74,1,0.0,1.944,6.9,1.25,0.5,0.0,0.0,,0.0,11.4,2.0,2.0,2.75,Manhattan,Morningside Heights,Boro Zone,Unknown,Unknown,Unknown
2,2023-01-26 09:05:10,2023-01-26 09:15:54,N,5.0,41,75,5.0,4.053,11.91,3.5,0.0,3.68,17.0,,0.0,38.84,1.0,1.0,2.75,Manhattan,Lincoln Square West,Yellow Zone,Manhattan,Bloomingdale,Boro Zone
1,2023-01-26 02:31:08,2023-01-26 03:12:14,N,99.0,239,4,3.0,4.876,11.95,1.0,0.0,4.5,9.5,,0.3,29.75,1.0,2.0,2.5,Manhattan,Central Park,Yellow Zone,Bronx,Allerton/Pelham Gardens,Boro Zone
2,2023-01-14 00:01:10,2023-01-14 00:46:32,N,4.0,4,75,2.0,2.81,7.62,2.5,0.5,0.0,6.55,,0.0,19.67,2.0,1.0,2.5,Bronx,Allerton/Pelham Gardens,Boro Zone,Manhattan,Bloomingdale,Boro Zone
1,2023-01-16 04:03:44,2023-01-16 04:41:20,N,6.0,263,263,3.0,6.673,16.24,4.0,0.5,1.29,0.0,,0.0,24.53,1.0,2.0,2.5,Brooklyn,Greenpoint,Boro Zone,Brooklyn,Greenpoint,Boro Zone
1,2023-01-28 16:50:55,2023-01-28 17:23:25,Y,1.0,7,7,4.0,2.115,7.27,0.5,0.0,0.0,12.24,,0.3,20.31,2.0,1.0,0.0,Queens,Steinway,Boro Zone,Queens,Steinway,Boro Zone
2,2023-01-28 09:56:01,2023-01-28 10:11:50,Y,99.0,239,239,3.0,3.295,10.69,1.5,0.0,3.78,17.0,,0.0,35.47,1.0,2.0,2.5,Manhattan,Central Park,Yellow Zone,Manhattan,Central Park,Yellow Zone
1,2023-01-11 02:37:00,2023-01-11 03:19:33,N,5.0,41,74,9.0,1.256,7.04,0.5,0.5,0.0,17.0,,0.3,28.09,2.0,1.0,2.75,Manhattan,Lincoln Square West,Yellow Zone,Manhattan,Morningside Heights,Boro Zone
2,2023-01-18 17:53:03,2023-01-18 18:24:54,N,2.0,41,132,5.0,2.963,8.49,5.0,0.5,1.56,9.5,,0.3,28.1,1.0,2.0,2.75,Manhattan,Lincoln Square West,Yellow Zone,Queens,LaGuardia Airport,Airports
1,2023-01-02 18:58:41,2023-01-02 19:18:34,Y,2.0,132,1,6.0,0.814,3.36,3.5,0.5,0.0,17.0,,0.0,27.11,2.0,1.0,2.75,Queens,LaGuardia Airport,Airports,Unknown,Unknown,Unknown
2,2023-01-16 18:59:19,2023-01-16 19:28:12,N,2.0,142,132,9.0,2.126,2.82,2.0,0.5,0.0,0.0,,0.3,8.12,2.0,1.0,2.5,Queens,Steinway,Boro Zone,Queens,LaGuardia Airport,Airports
1,2023-01-06 07:10:20,2023-01-06 07:31:40,N,4.0,74,1,5.0,0.315,4.99,5.5,0.0,0.23,6.55,,0.0,17.27,1.0,1.0,0.0,Manhattan,Morningside Heights,Boro Zone,Unknown,Unknown,Unknown
1,2023-01-16 09:23:05,2023-01-16 10:07:21,Y,6.0,181,4,4.0,2.564,8.44,3.0,0.5,2.46,9.5,,0.0,26.4,1.0,2.0,2.5,Brooklyn,Williamsburg (North Side),Boro Zone,Bronx,Allerton/Pelham Gardens,Boro Zone
1,2023-01-15 10:18:55,2023-01-15 11:01:31,N,1.0,138,132,3.0,1.98,5.9,6.0,0.0,0.0,0.0,,0.3,14.95,2.0,1.0,2.75,Queens,JFK Airport,Airports,Queens,LaGuardia Airport,Airports
1,2023-01-12 06:51:52,2023-01-12 07:36:27,N,2.0,263,181,3.0,0.226,2.5,1.0,0.0,0.0,0.0,,0.3,3.8,2.0,1.0,0.0,Brooklyn,Greenpoint,Boro Zone,Brooklyn,Williamsburg (North Side),Boro Zone
2,2023-01-13 05:56:53,2023-01-13 06:31:10,Y,3.0,142,142,1.0,2.394,5.9,2.0,0.0,0.0,0.0,,0.0,10.4,2.0,2.0,2.5,Queens,Steinway,Boro Zone,Queens,Steinway,Boro Zone
1,2023-01-01 00:03:35,2023-01-01 00:08:38,Y,6.0,7,41,6.0,3.581,9.54,1.25,0.5,0.0,0.0,,0.0,13.79,2.0,1.0,2.5,Queens,Steinway,Boro Zone,Manhattan,Lincoln Square West,Yellow Zone
2,2023-01-12 18:36:15,2023-01-12 19:10:42,N,3.0,7,41,5.0,2.109,7.87,0.5,0.0,0.0,5.76,,0.3,17.18,1.0,2.0,2.75,Queens,Steinway,Boro Zone,Manhattan,Lincoln Square West,Yellow Zone
1,2023-01-10 10:17:41,2023-01-10 10:35:14,N,4.0,74,132,3.0,2.008,5.84,0.5,0.0,0.0,0.0,,0.3,6.64,2.0,1.0,0.0,Manhattan,Morningside Heights,Boro Zone,Queens,LaGuardia Airport,Airports
2,2023-01-03 16:28:37,2023-01-03 16:43:25,Y,4.0,239,181,6.0,5.628,12.85,2.0,0.5,2.39,0.0,,0.3,20.54,1.0,2.0,2.5,Manhattan,Central Park,Yellow Zone,Brooklyn,Williamsburg (North Side),Boro Zone
2,2023-01-08 05:04:50,2023-01-08 05:36:47,Y,2.0,75,142,5.0,2.975,7.63,4.0,0.5,1.21,12.24,,0.0,28.08,1.0,1.0,2.5,Manhattan,Bloomingdale,Boro Zone,Queens,Steinway,Boro Zone
1,2023-01-21 11:33:37,2023-01-21 12:16:43,Y,4.0,132,142,6.0,0.737,5.21,4.0,0.5,0.42,0.0,,0.0,10.13,1.0,2.0,0.0,Queens,LaGuardia Airport,Airports,Queens,Steinway,Boro Zone
1,2023-01-31 16:57:21,2023-01-31 17:41:49,N,4.0,239,239,9.0,3.849,8.73,5.0,0.0,0.0,0.0,,0.3,16.53,2.0,1.0,2.5,Manhattan,Central Park,Yellow Zone,Manhattan,Central Park,Yellow Zone
1,2023-01-08 23:39:55,2023-01-09 00:23:45,Y,2.0,1,138,5.0,4.546,11.77,3.0,0.0,0.0,12.24,,0.0,27.01,2.0,2.0,0.0,Unknown,Unknown,Unknown,Queens,JFK Airport,Airports
1,2023-01-30 20:49:22,2023-01-30 21:13:18,N,4.0,138,4,4.0,0.19,2.5,1.5,0.5,0.0,9.5,,0.0,16.5,1.0,1.0,2.5,Queens,JFK Airport,Airports,Bronx,Allerton/Pelham Gardens,Boro Zone
1,2023-01-09 11:56:12,2023-01-09 12:19:22,Y,3.0,181,138,1.0,2.171,8.22,5.5,0.5,0.0,0.0,,0.0,16.97,2.0,1.0,2.75,Brooklyn,Williamsburg (North Side),Boro Zone,Queens,JFK Airport,Airports
1,2023-01-18 15:59:29,2023-01-18 16:01:59,Y,2.0,75,74,2.0,4.484,10.0,1.25,0.0,0.0,0.0,,0.0,13.75,1.0,2.0,2.5,Manhattan,Bloomingdale,Boro Zone,Manhattan,Morningside Heights,Boro Zone
2,2023-01-12 03:39:04,2023-01-12 03:55:49,Y,5.0,75,7,3.0,0.47,2.5,0.5,0.0,0.0,0.0,,0.3,5.8,2.0,1.0,2.5,Manhattan,Bloomingdale,Boro Zone,Queens,Steinway,Boro Zone
2,2023-01-12 02:12:59,2023-01-12 02:48:33,N,1.0,142,7,6.0,3.983,10.33,3.75,0.0,0.0,6.55,,0.3,20.93,2.0,2.0,0.0,Queens,Steinway,Boro Zone,Queens,Steinway,Boro Zone
2,2023-01-14 10:32:20,2023-01-14 10:50:03,Y,3.0,142,181,0.0,0.123,2.5,1.0,0.0,0.0,0.0,,0.0,3.5,2.0,1.0,0.0,Queens,Steinway,Boro Zone,Brooklyn,Williamsburg (North Side),Boro Zone
2,2023-01-04 01:37:19,2023-01-04 02:06:19,Y,4.0,239,132,2.0,2.794,8.1,1.5,0.5,0.0,0.0,,0.3,12.9,2.0,1.0,2.5,Manhattan,Central Park,Yellow Zone,Queens,LaGuardia Airport,Airports
1,2023-01-15 08:42:32,2023-01-15 09:06:38,Y,3.0,1,263,5.0,4.466,10.47,4.0,0.5,0.0,12.24,,0.3,27.51,2.0,1.0,0.0,Unknown,Unknown,Unknown,Brooklyn,Greenpoint,Boro Zone
1,2023-01-25 04:01:37,2023-01-25 04:06:50,Y,2.0,239,4,1.0,0.596,2.5,0.0,0.0,0.0,0.0,,0.0,5.25,2.0,1.0,2.75,Manhattan,Central Park,Yellow Zone,Bronx,Allerton/Pelham Gardens,Boro Zone
2,2023-01-29 13:13:45,2023-01-29 13:32:21,N,6.0,263,4,9.0,2.487,8.19,5.0,0.0,2.76,0.0,,0.0,15.95,1.0,1.0,0.0,Brooklyn,Greenpoint,Boro Zone,Bronx,Allerton/Pelham Gardens,Boro Zone
2,2023-01-02 07:40:03,2023-01-02 07:42:56,N,3.0,4,4,9.0,1.762,4.61,3.75,0.0,0.0,0.0,,0.3,8.66,2.0,2.0,0.0,Bronx,Allerton/Pelham Gardens,Boro Zone,Bronx,Allerton/Pelham Gardens,Boro Zone
1,2023-01-21 09:12:49,2023-01-21 09:20:33,Y,5.0,138,263,4.0,0.977,3.22,4.0,0.0,0.0,0.0,,0.3,7.52,1.0,1.0,0.0,Queens,JFK Airport,Airports,Brooklyn,Greenpoint,Boro Zone
2,2023-01-20 02:07:40,2023-01-20 02:36:36,Y,2.0,74,41,9.0,1.977,6.51,5.0,0.5,0.0,0.0,,0.3,14.81,2.0,1.0,2.5,Manhattan,Morningside Heights,Boro Zone,Manhattan,Lincoln Square West,Yellow Zone
1,2023-01-15 02:56:32,2023-01-15 03:13:54,Y,5.0,138,142,0.0,5.59,13.03,6.0,0.5,5.46,6.55,,0.3,34.34,1.0,2.0,2.5,Queens,JFK Airport,Airports,Queens,Steinway,Boro Zone
1,2023-01-20 11:29:38,2023-01-20 11:45:40,Y,2.0,74,142,0.0,1.515,5.03,3.0,0.0,3.25,0.0,,0.3,11.58,1.0,2.0,0.0,Manhattan,Morningside Heights,Boro Zone,Queens,Steinway,Boro Zone
1,2023-01-22 13:07:43,2023-01-22 13:40:00,Y,99.0,7,239,3.0,2.579,10.49,3.0,0.0,0.0,9.5,,0.0,25.74,2.0,2.0,2.75,Queens,Steinway,Boro Zone,Manhattan,Central Park,Yellow Zone
2,2023-01-25 07:25:26,2023-01-25 07:36:32,Y,4.0,74,142,4.0,3.428,10.16,2.0,0.0,2.91,6.55,,0.0,24.12,1.0,2.0,2.5,Manhattan,Morningside Heights,Boro Zone,Queens,Steinway,Boro Zone
1,2023-01-15 07:04:29,2023-01-15 07:23:01,Y,6.0,142,75,6.0,1.094,3.62,3.75,0.5,1.63,0.0,,0.0,12.0,1.0,2.0,2.5,Queens,Steinway,Boro Zone,Manhattan,Bloomingdale,Boro Zone
2,2023-01-29 13:08:31,2023-01-29 13:51:02,Y,4.0,181,74,3.0,2.393,8.92,4.0,0.5,0.0,0.0,,0.3,13.72,2.0,1.0,0.0,Brooklyn,Williamsburg (North Side),Boro Zone,Manhattan,Morningside Heights,Boro Zone
2,2023-01-15 10:52:29,2023-01-15 10:56:04,Y,99.0,142,74,2.0,1.367,2.5,1.25,0.5,0.0,0.0,,0.0,7.0,2.0,1.0,2.75,Queens,Steinway,Boro Zone,Manhattan,Morningside Heights,Boro Zone
1,2023-01-14 17:43:50,2023-01-14 18:07:15,N,6.0,132,263,3.0,3.124,8.2,0.5,0.0,1.0,6.55,,0.0,18.75,1.0,2.0,2.5,Queens,LaGuardia Airport,Airports,Brooklyn,Greenpoint,Boro Zone
1,2023-01-03 02:40:47,2023-01-03 03:25:39,Y,6.0,41,132,0.0,0.897,4.0,3.5,0.0,0.92,17.0,,0.3,28.22,1.0,1.0,2.5,Manhattan,Lincoln Square West,Yellow Zone,Queens,LaGuardia Airport,Airports
1,2023-01-08 15:23:03,2023-01-08 16:01:59,Y,2.0,138,239,1.0,0.376,3.24,1.5,0.0,0.16,9.5,,0.0,14.4,1.0,2.0,0.0,Queens,JFK Airport,Airports,Manhattan,Central Park,Yellow Zone
1,2023-01-04 01:51:04,2023-01-04 01:56:20,Y,4.0,75,41,9.0,2.512,6.09,5.5,0.0,0.0,9.5,,0.3,23.89,2.0,1.0,2.5,Manhattan,Bloomingdale,Boro Zone,Manhattan,Lincoln Square West,Yellow Zone
2,2023-01-18 15:44:10,2023-01-18 16:06:30,Y,1.0,41,75,0.0,0.917,3.66,0.5,0.5,0.0,0.0,,0.0,7.41,2.0,1.0,2.75,Manhattan,Lincoln Square West,Yellow Zone,Manhattan,Bloomingdale,Boro Zone
1,2023-01-19 20:47:40,2023-01-19 21:05:57,Y,4.0,181,74,6.0,0.53,5.16,1.0,0.5,0.0,6.55,,0.3,13.51,2.0,1.0,0.0,Brooklyn,Williamsburg (North Side),Boro Zone,Manhattan,Morningside Heights,Boro Zone
1,2023-01-05 13:39:28,2023-01-05 13:49:41,Y,1.0,41,1,4.0,0.869,6.03,2.0,0.0,0.0,0.0,,0.3,8.33,2.0,1.0,0.0,Manhattan,Lincoln Square West,Yellow Zone,Unknown,Unknown,Unknown
1,2023-01-03 17:42:18,2023-01-03 18:04:13,Y,4.0,7,239,5.0,3.91,10.68,3.5,0.0,0.0,0.0,,0.3,14.48,2.0,2.0,0.0,Queens,Steinway,Boro Zone,Manhattan,Central Park,Yellow Zone
2,2023-01-29 04:45:00,2023-01-29 05:01:26,N,6.0,7,74,5.0,0.559,3.32,6.0,0.5,0.46,0.0,,0.0,10.28,1.0,1.0,0.0,Queens,Steinway,Boro Zone,Manhattan,Morningside Heights,Boro Zone
2,2023-01-01 11:42:17,2023-01-01 12:10:02,N,6.0,74,239,9.0,0.628,3.66,5.5,0.0,0.0,6.55,,0.0,18.46,2.0,2.0,2.75,Manhattan,Morningside Heights,Boro Zone,Manhattan,Central Park,Yellow Zone
2,2023-01-05 08:13:53,2023-01-05 08:48:34,Y,2.0,1,132,6.0,3.165,6.11,2.0,0.5,0.0,5.76,,0.3,17.17,2.0,2.0,2.5,Unknown,Unknown,Unknown,Queens,LaGuardia Airport,Airports
2,2023-01-15 01:58:08,2023-01-15 02:02:50,Y,99.0,263,239,3.0,3.07,9.4,2.5,0.5,0.0,17.0,,0.3,32.45,2.0,1.0,2.75,Brooklyn,Greenpoint,Boro Zone,Manhattan,Central Park,Yellow Zone
2,2023-01-14 08:31:31,2023-01-14 08:40:16,Y,6.0,4,181,1.0,3.012,9.7,1.25,0.5,2.39,6.55,,0.0,20.39,1.0,2.0,0.0,Bronx,Allerton/Pelham Gardens,Boro Zone,Brooklyn,Williamsburg (North Side),Boro Zone
1,2023-01-26 22:52:45,2023-01-26 22:55:33,Y,1.0,75,75,5.0,4.618,9.02,2.0,0.0,3.34,12.24,,0.3,29.4,1.0,2.0,2.5,Manhattan,Bloomingdale,Boro Zone,Manhattan,Bloomingdale,Boro Zone
1,2023-01-29 09:15:50,2023-01-29 09:58:03,Y,6.0,7,41,2.0,0.332,2.5,0.5,0.0,0.7,12.24,,0.3,18.99,1.0,2.0,2.75,Queens,Steinway,Boro Zone,Manhattan,Lincoln Square West,Yellow Zone
1,2023-01-16 15:13:36,2023-01-16 15:41:32,Y,4.0,239,41,2.0,0.498,3.36,0.0,0.0,0.0,5.76,,0.3,9.42,1.0,1.0,0.0,Manhattan,Central Park,Yellow Zone,Manhattan,Lincoln Square West,Yellow Zone
2,2023-01-18 06:15:41,2023-01-18 07:01:10,Y,99.0,181,132,2.0,3.481,12.86,2.75,0.0,0.0,9.5,,0.3,27.91,2.0,2.0,2.5,Brooklyn,Williamsburg (North Side),Boro Zone,Queens,LaGuardia Airport,Airports
1,2023-01-22 17:50:25,2023-01-22 18:35:50,N,1.0,263,263,2.0,3.428,5.23,0.0,0.0,1.42,17.0,,0.0,26.4,1.0,1.0,2.75,Brooklyn,Greenpoint,Boro Zone,Brooklyn,Greenpoint,Boro Zone
2,2023-01-11 01:39:13,2023-01-11 02:22:21,N,5.0,4,263,4.0,0.289,2.5,4.0,0.0,0.0,0.0,,0.3,6.8,2.0,1.0,0.0,Bronx,Allerton/Pelham Gardens,Boro Zone,Brooklyn,Greenpoint,Boro Zone
1,2023-01-12 13:24:13,2023-01-12 13:27:32,Y,4.0,181,7,0.0,5.634,13.66,1.25,0.5,2.14,17.0,,0.0,37.3,1.0,2.0,2.75,Brooklyn,Williamsburg (North Side),Boro Zone,Queens,Steinway,Boro Zone
2,2023-01-10 23:56:27,2023-01-11 00:03:39,N,2.0,239,239,0.0,2.899,9.81,5.0,0.5,0.0,9.5,,0.3,25.11,2.0,1.0,0.0,Manhattan,Central Park,Yellow Zone,Manhattan,Central Park,Yellow Zone
2,2023-01-05 00:26:26,2023-01-05 01:07:32,N,1.0,142,75,3.0,1.211,8.09,1.5,0.0,3.31,5.76,,0.0,18.66,1.0,1.0,0.0,Queens,Steinway,Boro Zone,Manhattan,Bloomingdale,Boro Zone
1,2023-01-26 07:19:54,2023-01-26 08:04:30,Y,2.0,239,142,4.0,3.168,9.48,0.5,0.0,2.6,0.0,,0.3,12.88,1.0,2.0,0.0,Manhattan,Central Park,Yellow Zone,Queens,Steinway,Boro Zone
1,2023-01-31 07:46:12,2023-01-31 08:11:04,N,99.0,138,132,4.0,1.224,8.22,2.5,0.0,0.0,6.55,,0.3,20.07,2.0,1.0,2.5,Queens,JFK Airport,Airports,Queens,LaGuardia Airport,Airports
1,2023-01-17 22:44:21,2023-01-17 23:02:46,N,4.0,1,41,1.0,3.227,8.81,3.0,0.0,0.0,0.0,,0.0,14.56,2.0,2.0,2.75,Unknown,Unknown,Unknown,Manhattan,Lincoln Square West,Yellow Zone
2,2023-01-12 14:52:21,2023-01-12 15:02:02,Y,2.0,4,4,9.0,1.769,4.94,0.5,0.0,3.58,9.5,,0.0,18.52,1.0,1.0,0.0,Bronx,Allerton/Pelham Gardens,Boro Zone,Bronx,Allerton/Pelham Gardens,Boro Zone
2,2023-01-22 12:24:22,2023-01-22 12:39:31,N,99.0,138,132,2.0,2.289,8.23,2.0,0.5,0.0,9.5,,0.3,23.28,2.0,1.0,2.75,Queens,JFK Airport,Airports,Queens,LaGuardia Airport,Airports
2,2023-01-05 14:07:36,2023-01-05 14:19:33,Y,2.0,4,239,1.0,2.432,7.1,1.0,0.5,4.79,12.24,,0.0,25.63,1.0,2.0,0.0,Bronx,Allerton/Pelham Gardens,Boro Zone,Manhattan,Central Park,Yellow Zone
2,2023-01-12 21:58:36,2023-01-12 22:34:17,Y,4.0,7,239,5.0,4.455,12.26,1.0,0.5,0.0,0.0,,0.0,13.76,2.0,2.0,0.0,Queens,Steinway,Boro Zone,Manhattan,Central Park,Yellow Zone
1,2023-01-05 13:51:00,2023-01-05 14:11:01,Y,6.0,1,181,9.0,2.742,8.53,1.5,0.5,0.34,9.5,,0.3,23.17,1.0,1.0,2.5,Unknown,Unknown,Unknown,Brooklyn,Williamsburg (North Side),Boro Zone
1,2023-01-31 16:15:03,2023-01-31 16:27:59,N,99.0,7,239,4.0,1.751,9.75,2.5,0.5,0.0,17.0,,0.0,32.25,2.0,2.0,2.5,Queens,Steinway,Boro Zone,Manhattan,Central Park,Yellow Zone
2,2023-01-17 20:58:33,2023-01-17 21:11:32,N,3.0,239,142,0.0,0.342,3.32,3.5,0.0,1.75,5.76,,0.0,17.08,1.0,1.0,2.75,Manhattan,Central Park,Yellow Zone,Queens,Steinway,Boro Zone
2,2023-01-06 04:26:53,2023-01-06 04:49:14,Y,5.0,7,181,6.0,0.87,2.5,5.5,0.0,0.0,12.24,,0.0,22.74,2.0,1.0,2.5,Queens,Steinway,Boro Zone,Brooklyn,Williamsburg (North Side),Boro Zone
2,2023-01-07 21:47:02,2023-01-07 21:55:10,N,1.0,7,239,1.0,3.552,11.38,1.0,0.0,0.42,9.5,,0.3,25.1,1.0,2.0,2.5,Queens,Steinway,Boro Zone,Manhattan,Central Park,Yellow Zone
2,2023-01-10 04:38:20,2023-01-10 05:23:41,N,5.0,4,74,9.0,3.274,8.7,1.25,0.5,0.0,0.0,,0.0,12.95,2.0,1.0,2.5,Bronx,Allerton/Pelham Gardens,Boro Zone,Manhattan,Morningside Heights,Boro Zone
2,2023-01-05 00:02:24,2023-01-05 00:41:47,Y,6.0,181,75,3.0,4.326,9.35,2.0,0.0,0.0,6.55,,0.3,18.2,2.0,2.0,0.0,Brooklyn,Williamsburg (North Side),Boro Zone,Manhattan,Bloomingdale,Boro Zone
1,2023-01-22 11:45:59,2023-01-22 11:53:19,Y,99.0,74,239,0.0,1.583,3.02,5.0,0.5,0.0,0.0,,0.3,11.32,1.0,1.0,2.5,Manhattan,Morningside Heights,Boro Zone,Manhattan,Central Park,Yellow Zone
2,2023-01-28 18:15:59,2023-01-28 18:29:46,N,1.0,74,41,4.0,1.972,5.96,5.5,0.5,0.13,0.0,,0.3,15.14,1.0,2.0,2.75,Manhattan,Morningside Heights,Boro Zone,Manhattan,Lincoln Square West,Yellow Zone
1,2023-01-10 13:35:47,2023-01-10 14:19:18,N,3.0,4,138,4.0,2.152,7.37,1.0,0.0,0.0,12.24,,0.3,23.41,2.0,2.0,2.5,Bronx,Allerton/Pelham Gardens,Boro Zone,Queens,JFK Airport,Airports
1,2023-01-17 07:36:01,2023-01-17 08:17:23,N,3.0,132,138,6.0,4.32,10.82,5.5,0.0,1.29,0.0,,0.0,17.61,1.0,2.0,0.0,Queens,LaGuardia Airport,Airports,Queens,JFK Airport,Airports
2,2023-01-25 22:38:11,2023-01-25 23:15:01,Y,2.0,142,4,9.0,0.684,6.39,6.0,0.0,3.72,9.5,,0.3,28.41,1.0,2.0,2.5,Queens,Steinway,Boro Zone,Bronx,Allerton/Pelham Gardens,Boro Zone
1,2023-01-30 07:04:29,2023-01-30 07:29:36,N,99.0,263,138,2.0,1.703,4.68,3.75,0.5,0.98,0.0,,0.0,9.91,1.0,1.0,0.0,Brooklyn,Greenpoint,Boro Zone,Queens,JFK Airport,Airports
1,2023-01-02 07:02:56,2023-01-02 07:17:35,N,2.0,142,142,5.0,4.109,12.52,1.25,0.0,0.0,0.0,,0.0,16.27,2.0,1.0,2.5,Queens,Steinway,Boro Zone,Queens,Steinway,Boro Zone
1,2023-01-29 09:44:04,2023-01-29 10:15:22,N,6.0,239,74,9.0,2.307,6.14,2.5,0.5,0.0,17.0,,0.3,28.94,2.0,2.0,2.5,Manhattan,Central Park,Yellow Zone,Manhattan,Morningside Heights,Boro Zone
2,2023-01-10 11:42:25,2023-01-10 11:51:42,N,3.0,132,142,2.0,0.716,4.24,3.0,0.0,0.0,9.5,,0.3,19.54,2.0,2.0,2.5,Queens,LaGuardia Airport,Airports,Queens,Steinway,Boro Zone
1,2023-01-21 01:02:45,2023-01-21 01:17:03,Y,99.0,132,181,1.0,3.579,11.06,0.5,0.0,0.0,0.0,,0.3,11.86,2.0,1.0,0.0,Queens,LaGuardia Airport,Airports,Brooklyn,Williamsburg (North Side),Boro Zone
1,2023-01-05 15:51:21,2023-01-05 16:04:22,N,99.0,75,181,6.0,1.453,7.46,1.25,0.0,0.0,0.0,,0.3,11.76,2.0,1.0,2.75,Manhattan,Bloomingdale,Boro Zone,Brooklyn,Williamsburg (North Side),Boro Zone
1,2023-01-25 17:03:32,2023-01-25 17:11:57,N,99.0,142,132,9.0,0.739,3.36,2.5,0.5,1.92,12.24,,0.0,23.02,1.0,2.0,2.5,Queens,Steinway,Boro Zone,Queens,LaGuardia Airport,Airports
2,2023-01-05 06:28:13,2023-01-05 06:38:44,N,99.0,41,74,6.0,2.443,5.54,3.75,0.0,1.21,0.0,,0.0,13.0,1.0,1.0,2.5,Manhattan,Lincoln Square West,Yellow Zone,Manhattan,Morningside Heights,Boro Zone
2,2023-01-22 07:20:20,2023-01-22 07:37:01,N,3.0,1,132,2.0,3.656,12.89,3.5,0.5,0.0,5.76,,0.0,25.4,2.0,1.0,2.75,Unknown,Unknown,Unknown,Queens,LaGuardia Airport,Airports
2,2023-01-31 16:15:27,2023-01-31 16:51:41,Y,99.0,263,75,6.0,1.685,6.73,1.0,0.5,0.0,0.0,,0.0,10.73,2.0,1.0,2.5,Brooklyn,Greenpoint,Boro Zone,Manhattan,Bloomingdale,Boro Zone
1,2023-01-03 14:49:39,2023-01-03 15:02:22,Y,5.0,75,239,1.0,0.931,3.69,3.75,0.5,0.72,6.55,,0.3,18.26,1.0,2.0,2.75,Manhattan,Bloomingdale,Boro Zone,Manhattan,Central Park,Yellow Zone
1,2023-01-05 01:13:56,2023-01-05 01:42:34,Y,4.0,41,138,0.0,1.501,5.04,3.75,0.0,1.35,17.0,,0.0,29.89,1.0,2.0,2.75,Manhattan,Lincoln Square West,Yellow Zone,Queens,JFK Airport,Airports
1,2023-01-26 22:36:25,2023-01-26 23:03:08,N,6.0,138,263,5.0,2.987,10.44,1.0,0.0,1.23,17.0,,0.0,32.17,1.0,1.0,2.5,Queens,JFK Airport,Airports,Brooklyn,Greenpoint,Boro Zone
2,2023-01-15 07:08:16,2023-01-15 07:37:24,Y,3.0,181,1,1.0,3.747,10.11,6.0,0.0,0.15,9.5,,0.0,28.51,1.0,1.0,2.75,Brooklyn,Williamsburg (North Side),Boro Zone,Unknown,Unknown,Unknown
1,2023-01-21 00:50:41,2023-01-21 01:25:53,Y,2.0,75,263,4.0,2.723,7.0,1.5,0.0,0.0,0.0,,0.0,8.5,2.0,2.0,0.0,Manhattan,Bloomingdale,Boro Zone,Brooklyn,Greenpoint,Boro Zone
1,2023-01-07 02:22:05,2023-01-07 02:34:46,N,99.0,132,263,0.0,3.005,11.41,2.5,0.0,0.1,12.24,,0.3,29.3,1.0,1.0,2.75,Queens,LaGuardia Airport,Airports,Brooklyn,Greenpoint,Boro Zone
2,2023-01-31 11:27:51,2023-01-31 12:09:58,N,6.0,132,1,9.0,0.647,2.5,5.0,0.0,0.0,9.5,,0.0,19.5,1.0,1.0,2.5,Queens,LaGuardia Airport,Airports,Unknown,Unknown,Unknown
1,2023-01-27 02:20:51,2023-01-27 02:53:08,Y,3.0,75,1,5.0,0.239,2.78,2.75,0.0,0.0,12.24,,0.0,20.52,2.0,1.0,2.75,Manhattan,Bloomingdale,Boro Zone,Unknown,Unknown,Unknown
1,2023-01-13 08:39:39,2023-01-13 09:15:14,Y,5.0,74,75,2.0,1.529,7.73,1.25,0.5,3.15,6.55,,0.0,19.18,1.0,2.0,0.0,Manhattan,Morningside Heights,Boro Zone,Manhattan,Bloomingdale,Boro Zone
1,2023-01-21 21:44:02,2023-01-21 22:19:42,Y,3.0,138,181,4.0,1.664,9.69,2.75,0.0,0.0,12.24,,0.0,27.18,2.0,2.0,2.5,Queens,JFK Airport,Airports,Brooklyn,Williamsburg (North Side),Boro Zone
2,2023-01-12 19:25:32,2023-01-12 19:41:59,N,2.0,74,75,4.0,1.763,3.19,1.0,0.0,0.0,12.24,,0.3,19.23,1.0,2.0,2.5,Manhattan,Morningside Heights,Boro Zone,Manhattan,Bloomingdale,Boro Zone
2,2023-01-17 17:52:23,2023-01-17 18:29:08,N,4.0,263,75,6.0,2.811,10.65,3.5,0.5,3.1,9.5,,0.3,30.3,1.0,2.0,2.75,Brooklyn,Greenpoint,Boro Zone,Manhattan,Bloomingdale,Boro Zone
2,2023-01-17 15:06:43,2023-01-17 15:16:46,N,6.0,142,1,1.0,1.762,6.03,2.75,0.0,0.0,17.0,,0.0,28.53,2.0,2.0,2.75,Queens,Steinway,Boro Zone,Unknown,Unknown,Unknown
2,2023-01-10 21:43:03,2023-01-10 22:15:49,N,1.0,239,75,1.0,2.477,7.39,1.0,0.5,0.0,0.0,,0.3,9.19,2.0,1.0,0.0,Manhattan,Central Park,Yellow Zone,Manhattan,Bloomingdale,Boro Zone
2,2023-01-20 09:19:50,2023-01-20 09:45:38,N,2.0,75,181,5.0,3.314,11.59,0.5,0.0,1.06,12.24,,0.3,28.44,1.0,2.0,2.75,Manhattan,Bloomingdale,Boro Zone,Brooklyn,Williamsburg (North Side),Boro Zone
2,2023-01-20 21:42:39,2023-01-20 22:14:22,Y,5.0,4,142,1.0,5.317,15.56,2.5,0.5,2.1,0.0,,0.0,23.41,1.0,1.0,2.75,Bronx,Allerton/Pelham Gardens,Boro Zone,Queens,Steinway,Boro Zone
1,2023-01-11 16:48:21,2023-01-11 17:02:15,N,6.0,181,41,6.0,1.635,6.4,2.0,0.5,0.0,9.5,,0.0,18.4,1.0,2.0,0.0,Brooklyn,Williamsburg (North Side),Boro Zone,Manhattan,Lincoln Square West,Yellow Zone
2,2023-01-09 05:35:23,2023-01-09 05:52:59,N,1.0,1,41,1.0,2.352,7.31,2.75,0.0,0.0,6.55,,0.3,19.66,2.0,1.0,2.75,Unknown,Unknown,Unknown,Manhattan,Lincoln Square West,Yellow Zone
2,2023-01-22 16:03:24,2023-01-22 16:23:53,Y,6.0,4,4,0.0,2.389,5.55,6.0,0.5,0.0,5.76,,0.3,18.11,2.0,1.0,0.0,Bronx,Allerton/Pelham Gardens,Boro Zone,Bronx,Allerton/Pelham Gardens,Boro Zone
1,2023-01-01 09:20:35,2023-01-01 09:42:26,N,6.0,7,7,0.0,2.936,10.08,0.5,0.5,0.0,12.24,,0.0,25.82,2.0,2.0,2.5,Queens,Steinway,Boro Zone,Queens,Steinway,Boro Zone
2,2023-01-07 09:58:00,2023-01-07 10:12:38,Y,5.0,132,239,5.0,1.404,5.16,2.75,0.0,0.0,9.5,,0.3,20.21,2.0,2.0,2.5,Queens,LaGuardia Airport,Airports,Manhattan,Central Park,Yellow Zone
2,2023-01-17 00:33:30,2023-01-17 00:55:37,Y,1.0,75,74,3.0,3.956,12.33,0.0,0.0,0.0,0.0,,0.0,12.33,2.0,2.0,0.0,Manhattan,Bloomingdale,Boro Zone,Manhattan,Morningside Heights,Boro Zone
1,2023-01-19 00:17:12,2023-01-19 00:35:16,Y,6.0,41,142,5.0,3.377,10.27,5.5,0.0,1.34,0.0,,0.0,19.61,1.0,1.0,2.5,Manhattan,Lincoln Square West,Yellow Zone,Queens,Steinway,Boro Zone
1,2023-01-11 17:44:50,2023-01-11 18:22:39,N,3.0,74,7,6.0,1.912,7.73,1.5,0.0,0.0,0.0,,0.0,11.98,2.0,1.0,2.75,Manhattan,Morningside Heights,Boro Zone,Queens,Steinway,Boro Zone
1,2023-01-18 20:52:51,2023-01-18 21:38:00,N,6.0,142,7,9.0,3.813,10.16,3.75,0.0,0.0,12.24,,0.0,28.9,2.0,2.0,2.75,Queens,Steinway,Boro Zone,Queens,Steinway,Boro Zone
2,2023-01-06 01:14:02,2023-01-06 01:36:29,Y,1.0,138,239,4.0,3.214,9.78,5.0,0.5,1.0,9.5,,0.0,28.28,1.0,1.0,2.5,Queens,JFK Airport,Airports,Manhattan,Central Park,Yellow Zone
1,2023-01-29 06:37:08,2023-01-29 06:56:54,N,1.0,239,7,3.0,3.124,7.27,0.0,0.0,0.0,17.0,,0.3,27.07,1.0,2.0,2.5,Manhattan,Central Park,Yellow Zone,Queens,Steinway,Boro Zone
1,2023-01-01 20:26:08,2023-01-01 20:28:52,N,99.0,75,7,4.0,2.399,6.36,4.0,0.5,3.49,0.0,,0.0,17.1,1.0,1.0,2.75,Manhattan,Bloomingdale,Boro Zone,Queens,Steinway,Boro Zone
2,2023-01-17 13:09:00,2023-01-17 13:48:44,N,99.0,74,132,3.0,1.506,4.23,5.0,0.5,0.0,6.55,,0.0,16.28,2.0,2.0,0.0,Manhattan,Morningside Heights,Boro Zone,Queens,LaGuardia Airport,Airports
2,2023-01-27 21:04:33,2023-01-27 21:27:28,Y,2.0,74,142,9.0,0.173,4.04,6.0,0.0,0.0,12.24,,0.0,22.28,1.0,2.0,0.0,Manhattan,Morningside Heights,Boro Zone,Queens,Steinway,Boro Zone
1,2023-01-12 18:47:36,2023-01-12 19:05:37,N,6.0,263,75,9.0,2.522,8.2,2.0,0.5,0.75,9.5,,0.0,23.7,1.0,2.0,2.75,Brooklyn,Greenpoint,Boro Zone,Manhattan,Bloomingdale,Boro Zone
1,2023-01-27 03:39:15,2023-01-27 03:59:31,N,5.0,239,41,6.0,2.245,7.62,3.0,0.5,0.0,9.5,,0.0,23.12,2.0,2.0,2.5,Manhattan,Central Park,Yellow Zone,Manhattan,Lincoln Square West,Yellow Zone
2,2023-01-07 16:04:10,2023-01-07 16:12:26,N,2.0,4,263,4.0,1.611,5.61,1.25,0.5,0.0,17.0,,0.0,27.11,2.0,2.0,2.75,Bronx,Allerton/Pelham Gardens,Boro Zone,Brooklyn,Greenpoint,Boro Zone
1,2023-01-25 20:42:44,2023-01-25 21:02:25,Y,6.0,75,239,3.0,1.934,8.3,0.5,0.0,0.33,0.0,,0.0,9.13,1.0,2.0,0.0,Manhattan,Bloomingdale,Boro Zone,Manhattan,Central Park,Yellow Zone
1,2023-01-11 20:43:44,2023-01-11 21:00:15,N,2.0,75,74,6.0,4.783,11.55,2.5,0.5,0.0,17.0,,0.0,31.55,2.0,2.0,0.0,Manhattan,Bloomingdale,Boro Zone,Manhattan,Morningside Heights,Boro Zone
1,2023-01-04 10:29:16,2023-01-04 11:05:37,N,6.0,138,142,4.0,1.12,6.39,4.0,0.5,0.0,5.76,,0.0,16.65,1.0,2.0,0.0,Queens,JFK Airport,Airports,Queens,Steinway,Boro Zone
1,2023-01-30 15:51:28,2023-01-30 16:03:14,Y,3.0,132,181,1.0,0.902,3.86,1.0,0.0,0.07,12.24,,0.3,19.97,1.0,1.0,2.5,Queens,LaGuardia Airport,Airports,Brooklyn,Williamsburg (North Side),Boro Zone
2,2023-01-18 11:31:07,2023-01-18 11:54:24,N,1.0,181,1,2.0,3.95,12.35,1.5,0.0,3.44,0.0,,0.0,20.04,1.0,2.0,2.75,Brooklyn,Williamsburg (North Side),Boro Zone,Unknown,Unknown,Unknown
1,2023-01-05 20:51:01,2023-01-05 21:23:34,N,99.0,4,4,3.0,2.558,6.48,2.75,0.0,0.0,9.5,,0.0,18.73,2.0,1.0,0.0,Bronx,Allerton/Pelham Gardens,Boro Zone,Bronx,Allerton/Pelham Gardens,Boro Zone
1,2023-01-08 23:49:28,2023-01-09 00:00:13,Y,99.0,4,142,1.0,1.772,6.43,0.5,0.5,0.0,0.0,,0.3,10.23,2.0,2.0,2.5,Bronx,Allerton/Pelham Gardens,Boro Zone,Queens,Steinway,Boro Zone
2,2023-01-28 21:41:24,2023-01-28 21:56:51,N,3.0,239,142,9.0,0.453,4.73,0.0,0.5,0.0,17.0,,0.3,25.28,2.0,2.0,2.75,Manhattan,Central Park,Yellow Zone,Queens,Steinway,Boro Zone
1,2023-01-04 23:07:04,2023-01-04 23:36:15,Y,4.0,1,138,3.0,3.093,8.18,3.75,0.0,0.7,12.24,,0.3,27.67,1.0,1.0,2.5,Unknown,Unknown,Unknown,Queens,JFK Airport,Airports
2,2023-01-02 20:09:58,2023-01-02 20:31:35,N,2.0,142,132,1.0,2.943,7.48,1.25,0.5,0.0,12.24,,0.0,23.97,2.0,1.0,2.5,Queens,Steinway,Boro Zone,Queens,LaGuardia Airport,Airports
2,2023-01-14 19:50:01,2023-01-14 19:56:44,N,4.0,263,181,6.0,1.123,3.3,1.5,0.5,0.0,5.76,,0.0,11.06,2.0,1.0,0.0,Brooklyn,Greenpoint,Boro Zone,Brooklyn,Williamsburg (North Side),Boro Zone
2,2023-01-21 09:12:06,2023-01-21 09:31:07,N,1.0,1,4,0.0,5.968,12.17,2.75,0.0,1.15,0.0,,0.3,19.12,1.0,2.0,2.75,Unknown,Unknown,Unknown,Bronx,Allerton/Pelham Gardens,Boro Zone
1,2023-01-09 04:06:54,2023-01-09 04:47:48,N,4.0,142,1,4.0,4.629,11.75,0.5,0.5,1.39,6.55,,0.0,23.19,1.0,1.0,2.5,Queens,Steinway,Boro Zone,Unknown,Unknown,Unknown
1,2023-01-17 01:47:37,2023-01-17 02:23:20,Y,4.0,142,74,4.0,3.926,11.21,0.0,0.5,0.0,6.55,,0.3,21.31,1.0,1.0,2.75,Queens,Steinway,Boro Zone,Manhattan,Morningside Heights,Boro Zone
2,2023-01-20 05:53:25,2023-01-20 06:05:15,N,99.0,1,239,2.0,1.825,7.96,0.5,0.5,0.0,17.0,,0.0,28.71,1.0,2.0,2.75,Unknown,Unknown,Unknown,Manhattan,Central Park,Yellow Zone
2,2023-01-26 20:49:27,2023-01-26 21:08:18,Y,1.0,263,239,9.0,1.438,3.33,6.0,0.5,0.0,0.0,,0.0,12.58,2.0,2.0,2.75,Brooklyn,Greenpoint,Boro Zone,Manhattan,Central Park,Yellow Zone
2,2023-01-28 15:17:28,2023-01-28 15:45:40,N,5.0,142,74,4.0,0.153,2.5,1.0,0.5,0.04,5.76,,0.3,12.85,1.0,1.0,2.75,Queens,Steinway,Boro Zone,Manhattan,Morningside Heights,Boro Zone
2,2023-01-03 23:12:03,2023-01-03 23:50:42,Y,3.0,263,239,4.0,4.038,9.24,0.5,0.5,3.43,17.0,,0.3,33.72,1.0,2.0,2.75,Brooklyn,Greenpoint,Boro Zone,Manhattan,Central Park,Yellow Zone
1,2023-01-04 07:14:51,2023-01-04 07:41:30,N,6.0,263,263,5.0,2.602,7.15,3.0,0.5,0.0,6.55,,0.3,20.0,2.0,2.0,2.5,Brooklyn,Greenpoint,Boro Zone,Brooklyn,Greenpoint,Boro Zone
2,2023-01-15 22:35:06,2023-01-15 22:42:22,Y,5.0,1,4,0.0,1.198,3.91,5.0,0.5,0.0,0.0,,0.0,9.41,2.0,1.0,0.0,Unknown,Unknown,Unknown,Bronx,Allerton/Pelham Gardens,Boro Zone
2,2023-01-20 13:19:36,2023-01-20 13:23:32,Y,5.0,4,181,4.0,0.941,5.44,0.0,0.5,2.39,5.76,,0.0,16.59,1.0,2.0,2.5,Bronx,Allerton/Pelham Gardens,Boro Zone,Brooklyn,Williamsburg (North Side),Boro Zone
1,2023-01-20 01:46:22,2023-01-20 02:31:16,Y,1.0,1,181,4.0,3.568,10.03,5.5,0.0,1.95,5.76,,0.3,26.29,1.0,2.0,2.75,Unknown,Unknown,Unknown,Brooklyn,Williamsburg (North Side),Boro Zone
2,2023-01-23 16:03:35,2023-01-23 16:09:54,Y,1.0,75,132,0.0,2.49,6.1,4.0,0.0,0.0,6.55,,0.0,19.4,2.0,1.0,2.75,Manhattan,Bloomingdale,Boro Zone,Queens,LaGuardia Airport,Airports
1,2023-01-03 22:51:35,2023-01-03 23:03:07,N,6.0,239,41,4.0,0.157,2.5,4.0,0.0,0.07,17.0,,0.3,26.62,1.0,1.0,2.75,Manhattan,Central Park,Yellow Zone,Manhattan,Lincoln Square West,Yellow Zone
1,2023-01-11 12:43:54,2023-01-11 12:52:46,Y,5.0,263,41,1.0,0.981,7.38,1.25,0.0,2.64,0.0,,0.0,13.77,1.0,2.0,2.5,Brooklyn,Greenpoint,Boro Zone,Manhattan,Lincoln Square West,Yellow Zone
1,2023-01-15 12:02:10,2023-01-15 12:11:40,N,4.0,263,74,9.0,2.115,4.36,1.0,0.0,0.0,0.0,,0.3,8.41,2.0,1.0,2.75,Brooklyn,Greenpoint,Boro Zone,Manhattan,Morningside Heights,Boro Zone
1,2023-01-07 02:42:48,2023-01-07 03:16:07,Y,2.0,132,239,3.0,0.123,2.5,1.0,0.0,0.0,0.0,,0.3,6.3,2.0,2.0,2.5,Queens,LaGuardia Airport,Airports,Manhattan,Central Park,Yellow Zone
2,2023-01-14 08:23:39,2023-01-14 08:32:17,N,6.0,74,41,4.0,1.115,5.21,2.5,0.5,0.0,9.5,,0.0,20.21,2.0,2.0,2.5,Manhattan,Morningside Heights,Boro Zone,Manhattan,Lincoln Square West,Yellow Zone
2,2023-01-03 02:23:33,2023-01-03 02:26:54,N,1.0,7,74,6.0,0.46,6.45,0.0,0.5,0.0,0.0,,0.0,9.7,2.0,1.0,2.75,Queens,Steinway,Boro Zone,Manhattan,Morningside Heights,Boro Zone
2,2023-01-17 22:08:28,2023-01-17 22:18:04,N,3.0,74,132,0.0,0.796,5.41,1.0,0.5,0.0,0.0,,0.0,9.41,2.0,1.0,2.5,Manhattan,Morningside Heights,Boro Zone,Queens,LaGuardia Airport,Airports
1,2023-01-20 05:43:10,2023-01-20 05:49:48,N,6.0,239,132,5.0,2.196,8.57,2.75,0.0,0.0,17.0,,0.3,31.37,2.0,2.0,2.75,Manhattan,Central Park,Yellow Zone,Queens,LaGuardia Airport,Airports
2,2023-01-26 03:46:17,2023-01-26 04:02:58,N,4.0,1,1,2.0,1.694,5.59,3.5,0.5,0.0,9.5,,0.0,21.84,2.0,2.0,2.75,Unknown,Unknown,Unknown,Unknown,Unknown,Unknown
2,2023-01-01 09:08:50,2023-01-01 09:44:17,Y,1.0,132,181,0.0,5.914,14.78,5.5,0.0,2.66,17.0,,0.0,39.94,1.0,2.0,0.0,Queens,LaGuardia Airport,Airports,Brooklyn,Williamsburg (North Side),Boro Zone
2,2023-01-09 22:40:38,2023-01-09 23:02:01,Y,99.0,1,142,3.0,0.802,2.5,0.5,0.0,1.98,6.55,,0.3,14.33,1.0,1.0,2.5,Unknown,Unknown,Unknown,Queens,Steinway,Boro Zone
1,2023-01-24 21:41:46,2023-01-24 22:08:52,Y,99.0,138,181,1.0,1.469,4.51,2.75,0.5,0.0,9.5,,0.0,17.26,2.0,1.0,0.0,Queens,JFK Airport,Airports,Brooklyn,Williamsburg (North Side),Boro Zone
2,2023-01-30 19:47:34,2023-01-30 20:17:07,Y,6.0,75,138,3.0,2.115,7.45,1.25,0.5,0.0,17.0,,0.3,29.0,2.0,1.0,2.5,Manhattan,Bloomingdale,Boro Zone,Queens,JFK Airport,Airports
1,2023-01-10 20:45:18,2023-01-10 21:05:26,N,99.0,41,7,3.0,1.771,4.18,0.5,0.0,0.0,9.5,,0.0,14.18,1.0,1.0,0.0,Manhattan,Lincoln Square West,Yellow Zone,Queens,Steinway,Boro Zone
2,2023-01-01 09:46:27,2023-01-01 09:58:59,Y,3.0,7,1,2.0,0.464,2.73,3.75,0.5,0.0,9.5,,0.0,16.48,2.0,2.0,0.0,Queens,Steinway,Boro Zone,Unknown,Unknown,Unknown
1,2023-01-01 19:04:13,2023-01-01 19:07:39,Y,4.0,4,142,6.0,0.306,3.52,3.75,0.5,0.0,0.0,,0.0,10.52,1.0,1.0,2.75,Bronx,Allerton/Pelham Gardens,Boro Zone,Queens,Steinway,Boro Zone
1,2023-01-28 14:18:38,2023-01-28 14:55:12,Y,4.0,263,138,3.0,1.975,7.72,0.0,0.5,0.0,0.0,,0.0,8.22,2.0,2.0,0.0,Brooklyn,Greenpoint,Boro Zone,Queens,JFK Airport,Airports
2,2023-01-17 19:52:33,2023-01-17 20:12:16,Y,99.0,1,41,2.0,4.366,11.75,1.5,0.0,0.0,0.0,,0.0,16.0,2.0,2.0,2.75,Unknown,Unknown,Unknown,Manhattan,Lincoln Square West,Yellow Zone
1,2023-01-07 19:20:33,2023-01-07 19:56:32,N,3.0,41,74,0.0,0.95,2.5,0.0,0.5,0.0,6.55,,0.3,12.35,1.0,2.0,2.5,Manhattan,Lincoln Square West,Yellow Zone,Manhattan,Morningside Heights,Boro Zone
1,2023-01-25 01:28:57,2023-01-25 01:51:41,N,99.0,239,263,0.0,1.793,4.49,1.25,0.5,2.33,0.0,,0.0,11.32,1.0,2.0,2.75,Manhattan,Central Park,Yellow Zone,Brooklyn,Greenpoint,Boro Zone
1,2023-01-12 20:53:27,2023-01-12 20:59:41,N,2.0,132,7,4.0,1.62,5.9,4.0,0.0,0.0,6.55,,0.0,16.45,2.0,1.0,0.0,Queens,LaGuardia Airport,Airports,Queens,Steinway,Boro Zone
2,2023-01-03 04:24:34,2023-01-03 04:56:46,N,3.0,4,181,3.0,1.006,2.5,0.0,0.0,0.0,6.55,,0.0,9.05,2.0,1.0,0.0,Bronx,Allerton/Pelham Gardens,Boro Zone,Brooklyn,Williamsburg (North Side),Boro Zone
1,2023-01-11 12:32:01,2023-01-11 13:00:38,N,99.0,239,181,6.0,7.197,16.95,4.0,0.0,0.0,9.5,,0.3,33.5,2.0,1.0,2.75,Manhattan,Central Park,Yellow Zone,Brooklyn,Williamsburg (North Side),Boro Zone
1,2023-01-09 00:37:44,2023-01-09 00:49:51,N,3.0,1,41,3.0,2.76,5.65,2.0,0.5,0.0,17.0,,0.0,25.15,1.0,1.0,0.0,Unknown,Unknown,Unknown,Manhattan,Lincoln Square West,Yellow Zone
1,2023-01-10 10:41:57,2023-01-10 11:04:52,N,6.0,74,181,0.0,0.743,2.5,5.0,0.0,0.0,17.0,,0.0,24.5,1.0,1.0,0.0,Manhattan,Morningside Heights,Boro Zone,Brooklyn,Williamsburg (North Side),Boro Zone
1,2023-01-25 23:32:24,2023-01-25 23:48:53,N,1.0,132,239,5.0,3.065,10.88,2.0,0.0,0.0,17.0,,0.3,30.18,2.0,2.0,0.0,Queens,LaGuardia Airport,Airports,Manhattan,Central Park,Yellow Zone
1,2023-01-24 15:41:23,2023-01-24 16:03:07,Y,3.0,4,142,3.0,4.269,11.48,2.75,0.5,0.0,17.0,,0.0,34.23,2.0,2.0,2.5,Bronx,Allerton/Pelham Gardens,Boro Zone,Queens,Steinway,Boro Zone
1,2023-01-03 17:01:25,2023-01-03 17:31:12,N,3.0,239,75,1.0,4.482,11.9,0.0,0.5,0.0,0.0,,0.3,15.45,2.0,2.0,2.75,Manhattan,Central Park,Yellow Zone,Manhattan,Bloomingdale,Boro Zone
1,2023-01-18 06:00:24,2023-01-18 06:11:20,Y,3.0,132,181,3.0,0.593,4.68,0.5,0.5,0.0,0.0,,0.0,5.68,1.0,2.0,0.0,Queens,LaGuardia Airport,Airports,Brooklyn,Williamsburg (North Side),Boro Zone
